url,page_title,h1,meta_description,canonical_url,word_count,structured_data,internal_links,is_nri_geo,recommendation,flags
/chennai/nri-sell-property/,Sell Your Property in Chennai from Abroad | NRI Property Selling Experts | Propertism,Sell Your Property in Chennai from Abroad,"End-to-end property selling support for NRIs in Chennai. We handle pricing, buyer coordination, legal documentation, and closure while you stay abroad.",https://www.propertism.in/chennai/nri-sell-property/,587,yes,9,no,INDEX,
/hackensack-nj/chennai-nri-sell-property/,"Sell NRI Property in Chennai for Hackensack, NJ Residents | Propertism","Trusted Chennai Property Selling for Overseas Owners in Hackensack, NJ","Sell your Chennai property from Hackensack, NJ with Propertism. We manage pricing, buyer visits, legal vetting, and power of attorney closure without travel.",https://www.propertism.in/hackensack-nj/chennai-nri-sell-property/,587,yes,9,yes,INDEX,
/new-york-usa/chennai-nri-sell-property/,Sell NRI Property in Chennai for New York Residents | Propertism,Sell Your Chennai Property Seamlessly from New York,"Sell your Chennai property from New York with Propertism. We manage pricing, buyer visits, legal vetting, and power of attorney closure without travel.",https://www.propertism.in/new-york-usa/chennai-nri-sell-property/,587,yes,9,yes,INDEX,
/san-jose-ca/chennai-nri-sell-property/,"Sell NRI Property in Chennai for San Jose, CA Residents | Propertism","Sell Your Chennai Property Seamlessly from San Jose, CA","Sell your Chennai property from San Jose, CA with Propertism. We manage pricing, buyer visits, legal vetting, and power of attorney closure without travel.",https://www.propertism.in/san-jose-ca/chennai-nri-sell-property/,587,yes,9,yes,INDEX,
/dallas-tx/chennai-nri-sell-property/,"Sell NRI Property in Chennai for Dallas, TX Residents | Propertism","Sell Your Chennai Property Seamlessly from Dallas, TX","Sell your Chennai property from Dallas, TX with Propertism. We manage pricing, buyer visits, legal vetting, and power of attorney closure without travel.",https://www.propertism.in/dallas-tx/chennai-nri-sell-property/,587,yes,9,yes,INDEX,
/london-uk/chennai-nri-sell-property/,Sell NRI Property in Chennai for London Residents | Propertism,End-to-End NRI Property Sale & Exit in Chennai from London,"Sell your Chennai property from London with Propertism. We manage pricing, buyer visits, legal vetting, and power of attorney closure without travel.",https://www.propertism.in/london-uk/chennai-nri-sell-property/,587,yes,9,yes,INDEX,
/toronto-canada/chennai-nri-sell-property/,Sell NRI Property in Chennai for Toronto Residents | Propertism,Trusted Chennai Property Selling for Overseas Owners in Toronto,"Sell your Chennai property from Toronto with Propertism. We manage pricing, buyer visits, legal vetting, and power of attorney closure without travel.",https://www.propertism.in/toronto-canada/chennai-nri-sell-property/,587,yes,9,yes,INDEX,
/dubai-uae/chennai-nri-sell-property/,Sell NRI Property in Chennai for Dubai Residents | Propertism,Professional NRI Property Sale Services in Chennai for Clients in Dubai,"Sell your Chennai property from Dubai with Propertism. We manage pricing, buyer visits, legal vetting, and power of attorney closure without travel.",https://www.propertism.in/dubai-uae/chennai-nri-sell-property/,587,yes,9,yes,INDEX,
/singapore/chennai-nri-sell-property/,Sell NRI Property in Chennai for Singapore Residents | Propertism,Sell Your Chennai Property Seamlessly from Singapore,"Sell your Chennai property from Singapore with Propertism. We manage pricing, buyer visits, legal vetting, and power of attorney closure without travel.",https://www.propertism.in/singapore/chennai-nri-sell-property/,587,yes,9,yes,INDEX,
/sydney-australia/chennai-nri-sell-property/,Sell NRI Property in Chennai for Sydney Residents | Propertism,Sell Your Chennai Property Seamlessly from Sydney,"Sell your Chennai property from Sydney with Propertism. We manage pricing, buyer visits, legal vetting, and power of attorney closure without travel.",https://www.propertism.in/sydney-australia/chennai-nri-sell-property/,587,yes,9,yes,INDEX,
/doha-qatar/chennai-nri-sell-property/,Sell NRI Property in Chennai for Doha Residents | Propertism,Professional NRI Property Sale Services in Chennai for Clients in Doha,"Sell your Chennai property from Doha with Propertism. We manage pricing, buyer visits, legal vetting, and power of attorney closure without travel.",https://www.propertism.in/doha-qatar/chennai-nri-sell-property/,587,yes,9,yes,INDEX,
/abu-dhabi/chennai-nri-sell-property/,Sell NRI Property in Chennai for Abu Dhabi Residents | Propertism,Protect and Sell Your Chennai Assets from Abu Dhabi Cleanly,"Sell your Chennai property from Abu Dhabi with Propertism. We manage pricing, buyer visits, legal vetting, and power of attorney closure without travel.",https://www.propertism.in/abu-dhabi/chennai-nri-sell-property/,587,yes,9,yes,INDEX,
/kuwait/chennai-nri-sell-property/,Sell NRI Property in Chennai for Kuwait City Residents | Propertism,Professional NRI Property Sale Services in Chennai for Clients in Kuwait City,"Sell your Chennai property from Kuwait City with Propertism. We manage pricing, buyer visits, legal vetting, and power of attorney closure without travel.",https://www.propertism.in/kuwait/chennai-nri-sell-property/,587,yes,9,yes,INDEX,
/saudi/chennai-nri-sell-property/,Sell NRI Property in Chennai for Riyadh Residents | Propertism,Protect and Sell Your Chennai Assets from Riyadh Cleanly,"Sell your Chennai property from Riyadh with Propertism. We manage pricing, buyer visits, legal vetting, and power of attorney closure without travel.",https://www.propertism.in/saudi/chennai-nri-sell-property/,587,yes,9,yes,INDEX,
/malaysia/chennai-nri-sell-property/,Sell NRI Property in Chennai for Kuala Lumpur Residents | Propertism,Sell Your Chennai Property Seamlessly from Kuala Lumpur,"Sell your Chennai property from Kuala Lumpur with Propertism. We manage pricing, buyer visits, legal vetting, and power of attorney closure without travel.",https://www.propertism.in/malaysia/chennai-nri-sell-property/,587,yes,9,yes,INDEX,
/chennai/nri-property-management/,NRI Property Management in Chennai | Trusted Remote Property Care | Propertism,NRI Property Management Services in Chennai,"Complete property management for NRIs in Chennai. We handle tenants, rent collection, inspections, compliance, and local coordination while you stay abroad.",https://www.propertism.in/chennai/nri-property-management/,558,yes,5,no,INDEX,
/hackensack-nj/chennai-nri-property-management/,"NRI Property Management in Chennai for Hackensack, NJ Residents | Propertism","Trusted Chennai Property Care for Overseas Owners in Hackensack, NJ","Manage your Chennai property from Hackensack, NJ with Propertism's end-to-end services. We handle inspections, tenant care, maintenance, and monthly updates.",https://www.propertism.in/hackensack-nj/chennai-nri-property-management/,558,yes,5,yes,INDEX,
/new-york-usa/chennai-nri-property-management/,NRI Property Management in Chennai for New York Residents | Propertism,Manage Your Chennai Property Seamlessly from New York,"Manage your Chennai property from New York with Propertism's end-to-end services. We handle inspections, tenant care, maintenance, and monthly updates.",https://www.propertism.in/new-york-usa/chennai-nri-property-management/,558,yes,5,yes,INDEX,
/san-jose-ca/chennai-nri-property-management/,"NRI Property Management in Chennai for San Jose, CA Residents | Propertism","Manage Your Chennai Property Seamlessly from San Jose, CA","Manage your Chennai property from San Jose, CA with Propertism's end-to-end services. We handle inspections, tenant care, maintenance, and monthly updates.",https://www.propertism.in/san-jose-ca/chennai-nri-property-management/,558,yes,5,yes,INDEX,
/dallas-tx/chennai-nri-property-management/,"NRI Property Management in Chennai for Dallas, TX Residents | Propertism","Manage Your Chennai Property Seamlessly from Dallas, TX","Manage your Chennai property from Dallas, TX with Propertism's end-to-end services. We handle inspections, tenant care, maintenance, and monthly updates.",https://www.propertism.in/dallas-tx/chennai-nri-property-management/,558,yes,5,yes,INDEX,
/london-uk/chennai-nri-property-management/,NRI Property Management in Chennai for London Residents | Propertism,End-to-End NRI Property Care Services in Chennai from London,"Manage your Chennai property from London with Propertism's end-to-end services. We handle inspections, tenant care, maintenance, and monthly updates.",https://www.propertism.in/london-uk/chennai-nri-property-management/,558,yes,5,yes,INDEX,
/toronto-canada/chennai-nri-property-management/,NRI Property Management in Chennai for Toronto Residents | Propertism,Trusted Chennai Property Care for Overseas Owners in Toronto,"Manage your Chennai property from Toronto with Propertism's end-to-end services. We handle inspections, tenant care, maintenance, and monthly updates.",https://www.propertism.in/toronto-canada/chennai-nri-property-management/,558,yes,5,yes,INDEX,
/dubai-uae/chennai-nri-property-management/,NRI Property Management in Chennai for Dubai Residents | Propertism,Professional NRI Property Management Services in Chennai for Owners in Dubai,"Manage your Chennai property from Dubai with Propertism's end-to-end services. We handle inspections, tenant care, maintenance, and monthly updates.",https://www.propertism.in/dubai-uae/chennai-nri-property-management/,558,yes,5,yes,INDEX,
/singapore/chennai-nri-property-management/,NRI Property Management in Chennai for Singapore Residents | Propertism,Manage Your Chennai Property Seamlessly from Singapore,"Manage your Chennai property from Singapore with Propertism's end-to-end services. We handle inspections, tenant care, maintenance, and monthly updates.",https://www.propertism.in/singapore/chennai-nri-property-management/,558,yes,5,yes,INDEX,
/sydney-australia/chennai-nri-property-management/,NRI Property Management in Chennai for Sydney Residents | Propertism,Manage Your Chennai Property Seamlessly from Sydney,"Manage your Chennai property from Sydney with Propertism's end-to-end services. We handle inspections, tenant care, maintenance, and monthly updates.",https://www.propertism.in/sydney-australia/chennai-nri-property-management/,558,yes,5,yes,INDEX,
/doha-qatar/chennai-nri-property-management/,NRI Property Management in Chennai for Doha Residents | Propertism,Professional NRI Property Management Services in Chennai for Owners in Doha,"Manage your Chennai property from Doha with Propertism's end-to-end services. We handle inspections, tenant care, maintenance, and monthly updates.",https://www.propertism.in/doha-qatar/chennai-nri-property-management/,558,yes,5,yes,INDEX,
/abu-dhabi/chennai-nri-property-management/,NRI Property Management in Chennai for Abu Dhabi Residents | Propertism,Protect and Manage Your Chennai Assets from Abu Dhabi,"Manage your Chennai property from Abu Dhabi with Propertism's end-to-end services. We handle inspections, tenant care, maintenance, and monthly updates.",https://www.propertism.in/abu-dhabi/chennai-nri-property-management/,558,yes,5,yes,INDEX,
/kuwait/chennai-nri-property-management/,NRI Property Management in Chennai for Kuwait City Residents | Propertism,Professional NRI Property Management Services in Chennai for Owners in Kuwait City,"Manage your Chennai property from Kuwait City with Propertism's end-to-end services. We handle inspections, tenant care, maintenance, and monthly updates.",https://www.propertism.in/kuwait/chennai-nri-property-management/,558,yes,5,yes,INDEX,
/saudi/chennai-nri-property-management/,NRI Property Management in Chennai for Riyadh Residents | Propertism,Protect and Manage Your Chennai Assets from Riyadh,"Manage your Chennai property from Riyadh with Propertism's end-to-end services. We handle inspections, tenant care, maintenance, and monthly updates.",https://www.propertism.in/saudi/chennai-nri-property-management/,558,yes,5,yes,INDEX,
/malaysia/chennai-nri-property-management/,NRI Property Management in Chennai for Kuala Lumpur Residents | Propertism,Manage Your Chennai Property Seamlessly from Kuala Lumpur,"Manage your Chennai property from Kuala Lumpur with Propertism's end-to-end services. We handle inspections, tenant care, maintenance, and monthly updates.",https://www.propertism.in/malaysia/chennai-nri-property-management/,558,yes,5,yes,INDEX,
/chennai/nri-rental-management/,"NRI Rental Management in Chennai | Tenants, Agreements, Rent Collection | Propertism",NRI Rental Management Services in Chennai,"Rent out and manage your property in Chennai without travel. We handle tenant sourcing, documentation, rent collection, and move-out coordination for NRIs.",https://www.propertism.in/chennai/nri-rental-management/,554,yes,5,no,INDEX,
/hackensack-nj/chennai-nri-rental-management/,"NRI Rental Management in Chennai for Hackensack, NJ Residents | Propertism","Trusted Chennai Tenant Placement for Overseas Landlords in Hackensack, NJ","Rent out your Chennai property from Hackensack, NJ seamlessly. Propertism handles tenant screening, rental documentation, registered agreements, and rent col...",https://www.propertism.in/hackensack-nj/chennai-nri-rental-management/,554,yes,5,yes,INDEX,
/new-york-usa/chennai-nri-rental-management/,NRI Rental Management in Chennai for New York Residents | Propertism,Rent Out Your Chennai Property Seamlessly from New York,"Rent out your Chennai property from New York seamlessly. Propertism handles tenant screening, rental documentation, registered agreements, and rent collection.",https://www.propertism.in/new-york-usa/chennai-nri-rental-management/,554,yes,5,yes,INDEX,
/san-jose-ca/chennai-nri-rental-management/,"NRI Rental Management in Chennai for San Jose, CA Residents | Propertism","Rent Out Your Chennai Property Seamlessly from San Jose, CA","Rent out your Chennai property from San Jose, CA seamlessly. Propertism handles tenant screening, rental documentation, registered agreements, and rent colle...",https://www.propertism.in/san-jose-ca/chennai-nri-rental-management/,554,yes,5,yes,INDEX,
/dallas-tx/chennai-nri-rental-management/,"NRI Rental Management in Chennai for Dallas, TX Residents | Propertism","Rent Out Your Chennai Property Seamlessly from Dallas, TX","Rent out your Chennai property from Dallas, TX seamlessly. Propertism handles tenant screening, rental documentation, registered agreements, and rent collect...",https://www.propertism.in/dallas-tx/chennai-nri-rental-management/,554,yes,5,yes,INDEX,
/london-uk/chennai-nri-rental-management/,NRI Rental Management in Chennai for London Residents | Propertism,End-to-End NRI Rental Oversight in Chennai from London,"Rent out your Chennai property from London seamlessly. Propertism handles tenant screening, rental documentation, registered agreements, and rent collection.",https://www.propertism.in/london-uk/chennai-nri-rental-management/,554,yes,5,yes,INDEX,
/toronto-canada/chennai-nri-rental-management/,NRI Rental Management in Chennai for Toronto Residents | Propertism,Trusted Chennai Tenant Placement for Overseas Landlords in Toronto,"Rent out your Chennai property from Toronto seamlessly. Propertism handles tenant screening, rental documentation, registered agreements, and rent collection.",https://www.propertism.in/toronto-canada/chennai-nri-rental-management/,554,yes,5,yes,INDEX,
/dubai-uae/chennai-nri-rental-management/,NRI Rental Management in Chennai for Dubai Residents | Propertism,Professional NRI Rental Management Services in Chennai for Landlords in Dubai,"Rent out your Chennai property from Dubai seamlessly. Propertism handles tenant screening, rental documentation, registered agreements, and rent collection.",https://www.propertism.in/dubai-uae/chennai-nri-rental-management/,554,yes,5,yes,INDEX,
/singapore/chennai-nri-rental-management/,NRI Rental Management in Chennai for Singapore Residents | Propertism,Rent Out Your Chennai Property Seamlessly from Singapore,"Rent out your Chennai property from Singapore seamlessly. Propertism handles tenant screening, rental documentation, registered agreements, and rent collection.",https://www.propertism.in/singapore/chennai-nri-rental-management/,554,yes,5,yes,INDEX,
/sydney-australia/chennai-nri-rental-management/,NRI Rental Management in Chennai for Sydney Residents | Propertism,Rent Out Your Chennai Property Seamlessly from Sydney,"Rent out your Chennai property from Sydney seamlessly. Propertism handles tenant screening, rental documentation, registered agreements, and rent collection.",https://www.propertism.in/sydney-australia/chennai-nri-rental-management/,554,yes,5,yes,INDEX,
/doha-qatar/chennai-nri-rental-management/,NRI Rental Management in Chennai for Doha Residents | Propertism,Professional NRI Rental Management Services in Chennai for Landlords in Doha,"Rent out your Chennai property from Doha seamlessly. Propertism handles tenant screening, rental documentation, registered agreements, and rent collection.",https://www.propertism.in/doha-qatar/chennai-nri-rental-management/,554,yes,5,yes,INDEX,
/abu-dhabi/chennai-nri-rental-management/,NRI Rental Management in Chennai for Abu Dhabi Residents | Propertism,Maximize and Manage Your Chennai Rental Income from Abu Dhabi,"Rent out your Chennai property from Abu Dhabi seamlessly. Propertism handles tenant screening, rental documentation, registered agreements, and rent collection.",https://www.propertism.in/abu-dhabi/chennai-nri-rental-management/,554,yes,5,yes,INDEX,
/kuwait/chennai-nri-rental-management/,NRI Rental Management in Chennai for Kuwait City Residents | Propertism,Professional NRI Rental Management Services in Chennai for Landlords in Kuwait City,"Rent out your Chennai property from Kuwait City seamlessly. Propertism handles tenant screening, rental documentation, registered agreements, and rent collec...",https://www.propertism.in/kuwait/chennai-nri-rental-management/,554,yes,5,yes,INDEX,
/saudi/chennai-nri-rental-management/,NRI Rental Management in Chennai for Riyadh Residents | Propertism,Maximize and Manage Your Chennai Rental Income from Riyadh,"Rent out your Chennai property from Riyadh seamlessly. Propertism handles tenant screening, rental documentation, registered agreements, and rent collection.",https://www.propertism.in/saudi/chennai-nri-rental-management/,554,yes,5,yes,INDEX,
/malaysia/chennai-nri-rental-management/,NRI Rental Management in Chennai for Kuala Lumpur Residents | Propertism,Rent Out Your Chennai Property Seamlessly from Kuala Lumpur,"Rent out your Chennai property from Kuala Lumpur seamlessly. Propertism handles tenant screening, rental documentation, registered agreements, and rent colle...",https://www.propertism.in/malaysia/chennai-nri-rental-management/,554,yes,5,yes,INDEX,
/chennai/nri-property-maintenance/,NRI Property Maintenance in Chennai | End-to-End Property Care | Propertism,NRI Property Maintenance & Upkeep in Chennai,"Keep your property in Chennai safe and maintained while you live abroad. Regular inspections, repairs, and vendor coordination handled for NRIs.",https://www.propertism.in/chennai/nri-property-maintenance/,551,yes,5,no,INDEX,
/hackensack-nj/chennai-nri-property-maintenance/,"NRI Property Maintenance in Chennai for Hackensack, NJ Residents | Propertism","Trusted Chennai Property Inspections & Upkeep for NRIs in Hackensack, NJ","Protect your Chennai property from Hackensack, NJ with scheduled inspections, professional repairs, monsoon prep, and verified photo-documented vendor updates.",https://www.propertism.in/hackensack-nj/chennai-nri-property-maintenance/,551,yes,5,yes,INDEX,
/new-york-usa/chennai-nri-property-maintenance/,NRI Property Maintenance in Chennai for New York Residents | Propertism,Maintain Your Chennai Property Seamlessly from New York,"Protect your Chennai property from New York with scheduled inspections, professional repairs, monsoon prep, and verified photo-documented vendor updates.",https://www.propertism.in/new-york-usa/chennai-nri-property-maintenance/,551,yes,5,yes,INDEX,
/san-jose-ca/chennai-nri-property-maintenance/,"NRI Property Maintenance in Chennai for San Jose, CA Residents | Propertism","Maintain Your Chennai Property Seamlessly from San Jose, CA","Protect your Chennai property from San Jose, CA with scheduled inspections, professional repairs, monsoon prep, and verified photo-documented vendor updates.",https://www.propertism.in/san-jose-ca/chennai-nri-property-maintenance/,551,yes,5,yes,INDEX,
/dallas-tx/chennai-nri-property-maintenance/,"NRI Property Maintenance in Chennai for Dallas, TX Residents | Propertism","Maintain Your Chennai Property Seamlessly from Dallas, TX","Protect your Chennai property from Dallas, TX with scheduled inspections, professional repairs, monsoon prep, and verified photo-documented vendor updates.",https://www.propertism.in/dallas-tx/chennai-nri-property-maintenance/,551,yes,5,yes,INDEX,
/london-uk/chennai-nri-property-maintenance/,NRI Property Maintenance in Chennai for London Residents | Propertism,End-to-End NRI Property Maintenance in Chennai from London,"Protect your Chennai property from London with scheduled inspections, professional repairs, monsoon prep, and verified photo-documented vendor updates.",https://www.propertism.in/london-uk/chennai-nri-property-maintenance/,551,yes,5,yes,INDEX,
/toronto-canada/chennai-nri-property-maintenance/,NRI Property Maintenance in Chennai for Toronto Residents | Propertism,Trusted Chennai Property Inspections & Upkeep for NRIs in Toronto,"Protect your Chennai property from Toronto with scheduled inspections, professional repairs, monsoon prep, and verified photo-documented vendor updates.",https://www.propertism.in/toronto-canada/chennai-nri-property-maintenance/,551,yes,5,yes,INDEX,
/dubai-uae/chennai-nri-property-maintenance/,NRI Property Maintenance in Chennai for Dubai Residents | Propertism,Professional NRI Property Maintenance & Upkeep in Chennai for Owners in Dubai,"Protect your Chennai property from Dubai with scheduled inspections, professional repairs, monsoon prep, and verified photo-documented vendor updates.",https://www.propertism.in/dubai-uae/chennai-nri-property-maintenance/,551,yes,5,yes,INDEX,
/singapore/chennai-nri-property-maintenance/,NRI Property Maintenance in Chennai for Singapore Residents | Propertism,Maintain Your Chennai Property Seamlessly from Singapore,"Protect your Chennai property from Singapore with scheduled inspections, professional repairs, monsoon prep, and verified photo-documented vendor updates.",https://www.propertism.in/singapore/chennai-nri-property-maintenance/,551,yes,5,yes,INDEX,
/sydney-australia/chennai-nri-property-maintenance/,NRI Property Maintenance in Chennai for Sydney Residents | Propertism,Maintain Your Chennai Property Seamlessly from Sydney,"Protect your Chennai property from Sydney with scheduled inspections, professional repairs, monsoon prep, and verified photo-documented vendor updates.",https://www.propertism.in/sydney-australia/chennai-nri-property-maintenance/,551,yes,5,yes,INDEX,
/doha-qatar/chennai-nri-property-maintenance/,NRI Property Maintenance in Chennai for Doha Residents | Propertism,Professional NRI Property Maintenance & Upkeep in Chennai for Owners in Doha,"Protect your Chennai property from Doha with scheduled inspections, professional repairs, monsoon prep, and verified photo-documented vendor updates.",https://www.propertism.in/doha-qatar/chennai-nri-property-maintenance/,551,yes,5,yes,INDEX,
/abu-dhabi/chennai-nri-property-maintenance/,NRI Property Maintenance in Chennai for Abu Dhabi Residents | Propertism,Protect and Secure Your Chennai Property from Abu Dhabi,"Protect your Chennai property from Abu Dhabi with scheduled inspections, professional repairs, monsoon prep, and verified photo-documented vendor updates.",https://www.propertism.in/abu-dhabi/chennai-nri-property-maintenance/,551,yes,5,yes,INDEX,
/kuwait/chennai-nri-property-maintenance/,NRI Property Maintenance in Chennai for Kuwait City Residents | Propertism,Professional NRI Property Maintenance & Upkeep in Chennai for Owners in Kuwait City,"Protect your Chennai property from Kuwait City with scheduled inspections, professional repairs, monsoon prep, and verified photo-documented vendor updates.",https://www.propertism.in/kuwait/chennai-nri-property-maintenance/,551,yes,5,yes,INDEX,
/saudi/chennai-nri-property-maintenance/,NRI Property Maintenance in Chennai for Riyadh Residents | Propertism,Protect and Secure Your Chennai Property from Riyadh,"Protect your Chennai property from Riyadh with scheduled inspections, professional repairs, monsoon prep, and verified photo-documented vendor updates.",https://www.propertism.in/saudi/chennai-nri-property-maintenance/,551,yes,5,yes,INDEX,
/malaysia/chennai-nri-property-maintenance/,NRI Property Maintenance in Chennai for Kuala Lumpur Residents | Propertism,Maintain Your Chennai Property Seamlessly from Kuala Lumpur,"Protect your Chennai property from Kuala Lumpur with scheduled inspections, professional repairs, monsoon prep, and verified photo-documented vendor updates.",https://www.propertism.in/malaysia/chennai-nri-property-maintenance/,551,yes,5,yes,INDEX,
/chennai/manage-property-from-abroad/,How to Manage Property in Chennai While Living Abroad | NRI Guide | Propertism,How to Manage Property in Chennai While Living Abroad,"Practical guidance for NRIs managing property in Chennai from abroad. Learn how to handle maintenance, tenants, selling, and local execution without constant tr",https://www.propertism.in/chennai/manage-property-from-abroad/,569,yes,5,no,INDEX,
/hackensack-nj/chennai-manage-property-from-abroad/,"Remote Property Management in Chennai for Hackensack, NJ Residents | Propertism","Expert NRI Property Guidance for Residents in Hackensack, NJ | Chennai","How to manage your Chennai property from Hackensack, NJ. Practical remote guide covering maintenance, tenant handling, legal compliance, and trusted local pa...",https://www.propertism.in/hackensack-nj/chennai-manage-property-from-abroad/,569,yes,5,yes,INDEX,
/new-york-usa/chennai-manage-property-from-abroad/,Remote Property Management in Chennai for New York Residents | Propertism,Manage Your Chennai Property Remotely from New York,"How to manage your Chennai property from New York. Practical remote guide covering maintenance, tenant handling, legal compliance, and trusted local partners.",https://www.propertism.in/new-york-usa/chennai-manage-property-from-abroad/,569,yes,5,yes,INDEX,
/san-jose-ca/chennai-manage-property-from-abroad/,"Remote Property Management in Chennai for San Jose, CA Residents | Propertism","Manage Your Chennai Property Remotely from San Jose, CA","How to manage your Chennai property from San Jose, CA. Practical remote guide covering maintenance, tenant handling, legal compliance, and trusted local part...",https://www.propertism.in/san-jose-ca/chennai-manage-property-from-abroad/,569,yes,5,yes,INDEX,
/dallas-tx/chennai-manage-property-from-abroad/,"Remote Property Management in Chennai for Dallas, TX Residents | Propertism","Manage Your Chennai Property Remotely from Dallas, TX","How to manage your Chennai property from Dallas, TX. Practical remote guide covering maintenance, tenant handling, legal compliance, and trusted local partners.",https://www.propertism.in/dallas-tx/chennai-manage-property-from-abroad/,569,yes,5,yes,INDEX,
/london-uk/chennai-manage-property-from-abroad/,Remote Property Management in Chennai for London Residents | Propertism,Remote Property Control and Management in Chennai for NRIs in London,"How to manage your Chennai property from London. Practical remote guide covering maintenance, tenant handling, legal compliance, and trusted local partners.",https://www.propertism.in/london-uk/chennai-manage-property-from-abroad/,569,yes,5,yes,INDEX,
/toronto-canada/chennai-manage-property-from-abroad/,Remote Property Management in Chennai for Toronto Residents | Propertism,Expert NRI Property Guidance for Residents in Toronto | Chennai,"How to manage your Chennai property from Toronto. Practical remote guide covering maintenance, tenant handling, legal compliance, and trusted local partners.",https://www.propertism.in/toronto-canada/chennai-manage-property-from-abroad/,569,yes,5,yes,INDEX,
/dubai-uae/chennai-manage-property-from-abroad/,Remote Property Management in Chennai for Dubai Residents | Propertism,Practical Guide: How to Manage Property in Chennai from Dubai,"How to manage your Chennai property from Dubai. Practical remote guide covering maintenance, tenant handling, legal compliance, and trusted local partners.",https://www.propertism.in/dubai-uae/chennai-manage-property-from-abroad/,569,yes,5,yes,INDEX,
/singapore/chennai-manage-property-from-abroad/,Remote Property Management in Chennai for Singapore Residents | Propertism,Manage Your Chennai Property Remotely from Singapore,"How to manage your Chennai property from Singapore. Practical remote guide covering maintenance, tenant handling, legal compliance, and trusted local partners.",https://www.propertism.in/singapore/chennai-manage-property-from-abroad/,569,yes,5,yes,INDEX,
/sydney-australia/chennai-manage-property-from-abroad/,Remote Property Management in Chennai for Sydney Residents | Propertism,Manage Your Chennai Property Remotely from Sydney,"How to manage your Chennai property from Sydney. Practical remote guide covering maintenance, tenant handling, legal compliance, and trusted local partners.",https://www.propertism.in/sydney-australia/chennai-manage-property-from-abroad/,569,yes,5,yes,INDEX,
/doha-qatar/chennai-manage-property-from-abroad/,Remote Property Management in Chennai for Doha Residents | Propertism,Practical Guide: How to Manage Property in Chennai from Doha,"How to manage your Chennai property from Doha. Practical remote guide covering maintenance, tenant handling, legal compliance, and trusted local partners.",https://www.propertism.in/doha-qatar/chennai-manage-property-from-abroad/,569,yes,5,yes,INDEX,
/abu-dhabi/chennai-manage-property-from-abroad/,Remote Property Management in Chennai for Abu Dhabi Residents | Propertism,Solve Your Chennai Property Challenges from Abu Dhabi,"How to manage your Chennai property from Abu Dhabi. Practical remote guide covering maintenance, tenant handling, legal compliance, and trusted local partners.",https://www.propertism.in/abu-dhabi/chennai-manage-property-from-abroad/,569,yes,5,yes,INDEX,
/kuwait/chennai-manage-property-from-abroad/,Remote Property Management in Chennai for Kuwait City Residents | Propertism,Practical Guide: How to Manage Property in Chennai from Kuwait City,"How to manage your Chennai property from Kuwait City. Practical remote guide covering maintenance, tenant handling, legal compliance, and trusted local partn...",https://www.propertism.in/kuwait/chennai-manage-property-from-abroad/,569,yes,5,yes,INDEX,
/saudi/chennai-manage-property-from-abroad/,Remote Property Management in Chennai for Riyadh Residents | Propertism,Solve Your Chennai Property Challenges from Riyadh,"How to manage your Chennai property from Riyadh. Practical remote guide covering maintenance, tenant handling, legal compliance, and trusted local partners.",https://www.propertism.in/saudi/chennai-manage-property-from-abroad/,569,yes,5,yes,INDEX,
/malaysia/chennai-manage-property-from-abroad/,Remote Property Management in Chennai for Kuala Lumpur Residents | Propertism,Manage Your Chennai Property Remotely from Kuala Lumpur,"How to manage your Chennai property from Kuala Lumpur. Practical remote guide covering maintenance, tenant handling, legal compliance, and trusted local part...",https://www.propertism.in/malaysia/chennai-manage-property-from-abroad/,569,yes,5,yes,INDEX,
/chennai/nri-property-legal-support/,NRI Property Legal Support in Chennai | Documentation & Compliance Help | Propertism,NRI Property Legal Support in Chennai,"Legal and documentation guidance for NRIs with property in Chennai. Understand ownership, compliance, and safe closure without repeated travel.",https://www.propertism.in/chennai/nri-property-legal-support/,550,yes,5,no,INDEX,
/hackensack-nj/chennai-nri-property-legal-support/,"NRI Property Legal Support in Chennai for Hackensack, NJ Residents | Propertism","Trusted Chennai Legal Documentation Support for NRIs in Hackensack, NJ","Coordinate Chennai property legal clearance from Hackensack, NJ. Propertism assists with title deeds search, document verification, registration, and complia...",https://www.propertism.in/hackensack-nj/chennai-nri-property-legal-support/,550,yes,5,yes,INDEX,
/new-york-usa/chennai-nri-property-legal-support/,NRI Property Legal Support in Chennai for New York Residents | Propertism,Handle Your Chennai Property Legal Vetting from New York,"Coordinate Chennai property legal clearance from New York. Propertism assists with title deeds search, document verification, registration, and compliance.",https://www.propertism.in/new-york-usa/chennai-nri-property-legal-support/,550,yes,5,yes,INDEX,
/san-jose-ca/chennai-nri-property-legal-support/,"NRI Property Legal Support in Chennai for San Jose, CA Residents | Propertism","Handle Your Chennai Property Legal Vetting from San Jose, CA","Coordinate Chennai property legal clearance from San Jose, CA. Propertism assists with title deeds search, document verification, registration, and compliance.",https://www.propertism.in/san-jose-ca/chennai-nri-property-legal-support/,550,yes,5,yes,INDEX,
/dallas-tx/chennai-nri-property-legal-support/,"NRI Property Legal Support in Chennai for Dallas, TX Residents | Propertism","Handle Your Chennai Property Legal Vetting from Dallas, TX","Coordinate Chennai property legal clearance from Dallas, TX. Propertism assists with title deeds search, document verification, registration, and compliance.",https://www.propertism.in/dallas-tx/chennai-nri-property-legal-support/,550,yes,5,yes,INDEX,
/london-uk/chennai-nri-property-legal-support/,NRI Property Legal Support in Chennai for London Residents | Propertism,End-to-End NRI Property Legal Verification in Chennai from London,"Coordinate Chennai property legal clearance from London. Propertism assists with title deeds search, document verification, registration, and compliance.",https://www.propertism.in/london-uk/chennai-nri-property-legal-support/,550,yes,5,yes,INDEX,
/toronto-canada/chennai-nri-property-legal-support/,NRI Property Legal Support in Chennai for Toronto Residents | Propertism,Trusted Chennai Legal Documentation Support for NRIs in Toronto,"Coordinate Chennai property legal clearance from Toronto. Propertism assists with title deeds search, document verification, registration, and compliance.",https://www.propertism.in/toronto-canada/chennai-nri-property-legal-support/,550,yes,5,yes,INDEX,
/dubai-uae/chennai-nri-property-legal-support/,NRI Property Legal Support in Chennai for Dubai Residents | Propertism,Professional NRI Property Legal Support in Chennai for Clients in Dubai,"Coordinate Chennai property legal clearance from Dubai. Propertism assists with title deeds search, document verification, registration, and compliance.",https://www.propertism.in/dubai-uae/chennai-nri-property-legal-support/,550,yes,5,yes,INDEX,
/singapore/chennai-nri-property-legal-support/,NRI Property Legal Support in Chennai for Singapore Residents | Propertism,Handle Your Chennai Property Legal Vetting from Singapore,"Coordinate Chennai property legal clearance from Singapore. Propertism assists with title deeds search, document verification, registration, and compliance.",https://www.propertism.in/singapore/chennai-nri-property-legal-support/,550,yes,5,yes,INDEX,
/sydney-australia/chennai-nri-property-legal-support/,NRI Property Legal Support in Chennai for Sydney Residents | Propertism,Handle Your Chennai Property Legal Vetting from Sydney,"Coordinate Chennai property legal clearance from Sydney. Propertism assists with title deeds search, document verification, registration, and compliance.",https://www.propertism.in/sydney-australia/chennai-nri-property-legal-support/,550,yes,5,yes,INDEX,
/doha-qatar/chennai-nri-property-legal-support/,NRI Property Legal Support in Chennai for Doha Residents | Propertism,Professional NRI Property Legal Support in Chennai for Clients in Doha,"Coordinate Chennai property legal clearance from Doha. Propertism assists with title deeds search, document verification, registration, and compliance.",https://www.propertism.in/doha-qatar/chennai-nri-property-legal-support/,550,yes,5,yes,INDEX,
/abu-dhabi/chennai-nri-property-legal-support/,NRI Property Legal Support in Chennai for Abu Dhabi Residents | Propertism,Secure and Verify Your Chennai Property Documents from Abu Dhabi,"Coordinate Chennai property legal clearance from Abu Dhabi. Propertism assists with title deeds search, document verification, registration, and compliance.",https://www.propertism.in/abu-dhabi/chennai-nri-property-legal-support/,550,yes,5,yes,INDEX,
/kuwait/chennai-nri-property-legal-support/,NRI Property Legal Support in Chennai for Kuwait City Residents | Propertism,Professional NRI Property Legal Support in Chennai for Clients in Kuwait City,"Coordinate Chennai property legal clearance from Kuwait City. Propertism assists with title deeds search, document verification, registration, and compliance.",https://www.propertism.in/kuwait/chennai-nri-property-legal-support/,550,yes,5,yes,INDEX,
/saudi/chennai-nri-property-legal-support/,NRI Property Legal Support in Chennai for Riyadh Residents | Propertism,Secure and Verify Your Chennai Property Documents from Riyadh,"Coordinate Chennai property legal clearance from Riyadh. Propertism assists with title deeds search, document verification, registration, and compliance.",https://www.propertism.in/saudi/chennai-nri-property-legal-support/,550,yes,5,yes,INDEX,
/malaysia/chennai-nri-property-legal-support/,NRI Property Legal Support in Chennai for Kuala Lumpur Residents | Propertism,Handle Your Chennai Property Legal Vetting from Kuala Lumpur,"Coordinate Chennai property legal clearance from Kuala Lumpur. Propertism assists with title deeds search, document verification, registration, and compliance.",https://www.propertism.in/malaysia/chennai-nri-property-legal-support/,550,yes,5,yes,INDEX,
/chennai/nri-power-of-attorney/,NRI Power of Attorney for Property in Chennai | POA Guidance | Propertism,NRI Power of Attorney for Property in Chennai,Understand power of attorney for NRI property in Chennai. We guide owners through safe POA setup and document coordination.,https://www.propertism.in/chennai/nri-power-of-attorney/,552,yes,5,no,INDEX,
/hackensack-nj/chennai-nri-power-of-attorney/,"NRI Power of Attorney in Chennai for Hackensack, NJ Residents | Propertism","Trusted Chennai POA Documentation & Registration for NRIs in Hackensack, NJ","Register a power of attorney for your Chennai property from Hackensack, NJ. We handle apostillation, notarisation, and sub-registrar filing without travel.",https://www.propertism.in/hackensack-nj/chennai-nri-power-of-attorney/,552,yes,5,yes,INDEX,
/new-york-usa/chennai-nri-power-of-attorney/,NRI Power of Attorney in Chennai for New York Residents | Propertism,Execute Your Chennai Power of Attorney from New York Safely,"Register a power of attorney for your Chennai property from New York. We handle apostillation, notarisation, and sub-registrar filing without travel.",https://www.propertism.in/new-york-usa/chennai-nri-power-of-attorney/,552,yes,5,yes,INDEX,
/san-jose-ca/chennai-nri-power-of-attorney/,"NRI Power of Attorney in Chennai for San Jose, CA Residents | Propertism","Execute Your Chennai Power of Attorney from San Jose, CA Safely","Register a power of attorney for your Chennai property from San Jose, CA. We handle apostillation, notarisation, and sub-registrar filing without travel.",https://www.propertism.in/san-jose-ca/chennai-nri-power-of-attorney/,552,yes,5,yes,INDEX,
/dallas-tx/chennai-nri-power-of-attorney/,"NRI Power of Attorney in Chennai for Dallas, TX Residents | Propertism","Execute Your Chennai Power of Attorney from Dallas, TX Safely","Register a power of attorney for your Chennai property from Dallas, TX. We handle apostillation, notarisation, and sub-registrar filing without travel.",https://www.propertism.in/dallas-tx/chennai-nri-power-of-attorney/,552,yes,5,yes,INDEX,
/london-uk/chennai-nri-power-of-attorney/,NRI Power of Attorney in Chennai for London Residents | Propertism,End-to-End NRI Power of Attorney Coordination in Chennai from London,"Register a power of attorney for your Chennai property from London. We handle apostillation, notarisation, and sub-registrar filing without travel.",https://www.propertism.in/london-uk/chennai-nri-power-of-attorney/,552,yes,5,yes,INDEX,
/toronto-canada/chennai-nri-power-of-attorney/,NRI Power of Attorney in Chennai for Toronto Residents | Propertism,Trusted Chennai POA Documentation & Registration for NRIs in Toronto,"Register a power of attorney for your Chennai property from Toronto. We handle apostillation, notarisation, and sub-registrar filing without travel.",https://www.propertism.in/toronto-canada/chennai-nri-power-of-attorney/,552,yes,5,yes,INDEX,
/dubai-uae/chennai-nri-power-of-attorney/,NRI Power of Attorney in Chennai for Dubai Residents | Propertism,Professional Power of Attorney Support in Chennai for NRIs in Dubai,"Register a power of attorney for your Chennai property from Dubai. We handle apostillation, notarisation, and sub-registrar filing without travel.",https://www.propertism.in/dubai-uae/chennai-nri-power-of-attorney/,552,yes,5,yes,INDEX,
/singapore/chennai-nri-power-of-attorney/,NRI Power of Attorney in Chennai for Singapore Residents | Propertism,Execute Your Chennai Power of Attorney from Singapore Safely,"Register a power of attorney for your Chennai property from Singapore. We handle apostillation, notarisation, and sub-registrar filing without travel.",https://www.propertism.in/singapore/chennai-nri-power-of-attorney/,552,yes,5,yes,INDEX,
/sydney-australia/chennai-nri-power-of-attorney/,NRI Power of Attorney in Chennai for Sydney Residents | Propertism,Execute Your Chennai Power of Attorney from Sydney Safely,"Register a power of attorney for your Chennai property from Sydney. We handle apostillation, notarisation, and sub-registrar filing without travel.",https://www.propertism.in/sydney-australia/chennai-nri-power-of-attorney/,552,yes,5,yes,INDEX,
/doha-qatar/chennai-nri-power-of-attorney/,NRI Power of Attorney in Chennai for Doha Residents | Propertism,Professional Power of Attorney Support in Chennai for NRIs in Doha,"Register a power of attorney for your Chennai property from Doha. We handle apostillation, notarisation, and sub-registrar filing without travel.",https://www.propertism.in/doha-qatar/chennai-nri-power-of-attorney/,552,yes,5,yes,INDEX,
/abu-dhabi/chennai-nri-power-of-attorney/,NRI Power of Attorney in Chennai for Abu Dhabi Residents | Propertism,Secure Your Chennai Assets via Power of Attorney from Abu Dhabi,"Register a power of attorney for your Chennai property from Abu Dhabi. We handle apostillation, notarisation, and sub-registrar filing without travel.",https://www.propertism.in/abu-dhabi/chennai-nri-power-of-attorney/,552,yes,5,yes,INDEX,
/kuwait/chennai-nri-power-of-attorney/,NRI Power of Attorney in Chennai for Kuwait City Residents | Propertism,Professional Power of Attorney Support in Chennai for NRIs in Kuwait City,"Register a power of attorney for your Chennai property from Kuwait City. We handle apostillation, notarisation, and sub-registrar filing without travel.",https://www.propertism.in/kuwait/chennai-nri-power-of-attorney/,552,yes,5,yes,INDEX,
/saudi/chennai-nri-power-of-attorney/,NRI Power of Attorney in Chennai for Riyadh Residents | Propertism,Secure Your Chennai Assets via Power of Attorney from Riyadh,"Register a power of attorney for your Chennai property from Riyadh. We handle apostillation, notarisation, and sub-registrar filing without travel.",https://www.propertism.in/saudi/chennai-nri-power-of-attorney/,552,yes,5,yes,INDEX,
/malaysia/chennai-nri-power-of-attorney/,NRI Power of Attorney in Chennai for Kuala Lumpur Residents | Propertism,Execute Your Chennai Power of Attorney from Kuala Lumpur Safely,"Register a power of attorney for your Chennai property from Kuala Lumpur. We handle apostillation, notarisation, and sub-registrar filing without travel.",https://www.propertism.in/malaysia/chennai-nri-power-of-attorney/,552,yes,5,yes,INDEX,
/chennai/nri-property-tax/,NRI Property Tax Guidance in Chennai | Compliance Support | Propertism,NRI Property Tax Guidance in Chennai,"Understand tax obligations for NRI property in Chennai. We help owners stay compliant while managing, renting, or selling from abroad.",https://www.propertism.in/chennai/nri-property-tax/,546,yes,5,no,INDEX,
/hackensack-nj/chennai-nri-property-tax/,"NRI Property Tax Guide in Chennai for Hackensack, NJ Residents | Propertism","Trusted Chennai Property Tax Guidance for NRIs in Hackensack, NJ","Manage and pay municipal property taxes for your Chennai assets from Hackensack, NJ. Prevent tax disputes, check land records, and ensure complete compliance.",https://www.propertism.in/hackensack-nj/chennai-nri-property-tax/,546,yes,5,yes,INDEX,
/new-york-usa/chennai-nri-property-tax/,NRI Property Tax Guide in Chennai for New York Residents | Propertism,Manage Your Chennai Property Tax Obligations from New York,"Manage and pay municipal property taxes for your Chennai assets from New York. Prevent tax disputes, check land records, and ensure complete compliance.",https://www.propertism.in/new-york-usa/chennai-nri-property-tax/,546,yes,5,yes,INDEX,
/san-jose-ca/chennai-nri-property-tax/,"NRI Property Tax Guide in Chennai for San Jose, CA Residents | Propertism","Manage Your Chennai Property Tax Obligations from San Jose, CA","Manage and pay municipal property taxes for your Chennai assets from San Jose, CA. Prevent tax disputes, check land records, and ensure complete compliance.",https://www.propertism.in/san-jose-ca/chennai-nri-property-tax/,546,yes,5,yes,INDEX,
/dallas-tx/chennai-nri-property-tax/,"NRI Property Tax Guide in Chennai for Dallas, TX Residents | Propertism","Manage Your Chennai Property Tax Obligations from Dallas, TX","Manage and pay municipal property taxes for your Chennai assets from Dallas, TX. Prevent tax disputes, check land records, and ensure complete compliance.",https://www.propertism.in/dallas-tx/chennai-nri-property-tax/,546,yes,5,yes,INDEX,
/london-uk/chennai-nri-property-tax/,NRI Property Tax Guide in Chennai for London Residents | Propertism,End-to-End NRI Property Tax Support in Chennai from London,"Manage and pay municipal property taxes for your Chennai assets from London. Prevent tax disputes, check land records, and ensure complete compliance.",https://www.propertism.in/london-uk/chennai-nri-property-tax/,546,yes,5,yes,INDEX,
/toronto-canada/chennai-nri-property-tax/,NRI Property Tax Guide in Chennai for Toronto Residents | Propertism,Trusted Chennai Property Tax Guidance for NRIs in Toronto,"Manage and pay municipal property taxes for your Chennai assets from Toronto. Prevent tax disputes, check land records, and ensure complete compliance.",https://www.propertism.in/toronto-canada/chennai-nri-property-tax/,546,yes,5,yes,INDEX,
/dubai-uae/chennai-nri-property-tax/,NRI Property Tax Guide in Chennai for Dubai Residents | Propertism,Professional NRI Property Tax Compliance & Filing in Chennai from Dubai,"Manage and pay municipal property taxes for your Chennai assets from Dubai. Prevent tax disputes, check land records, and ensure complete compliance.",https://www.propertism.in/dubai-uae/chennai-nri-property-tax/,546,yes,5,yes,INDEX,
/singapore/chennai-nri-property-tax/,NRI Property Tax Guide in Chennai for Singapore Residents | Propertism,Manage Your Chennai Property Tax Obligations from Singapore,"Manage and pay municipal property taxes for your Chennai assets from Singapore. Prevent tax disputes, check land records, and ensure complete compliance.",https://www.propertism.in/singapore/chennai-nri-property-tax/,546,yes,5,yes,INDEX,
/sydney-australia/chennai-nri-property-tax/,NRI Property Tax Guide in Chennai for Sydney Residents | Propertism,Manage Your Chennai Property Tax Obligations from Sydney,"Manage and pay municipal property taxes for your Chennai assets from Sydney. Prevent tax disputes, check land records, and ensure complete compliance.",https://www.propertism.in/sydney-australia/chennai-nri-property-tax/,546,yes,5,yes,INDEX,
/doha-qatar/chennai-nri-property-tax/,NRI Property Tax Guide in Chennai for Doha Residents | Propertism,Professional NRI Property Tax Compliance & Filing in Chennai from Doha,"Manage and pay municipal property taxes for your Chennai assets from Doha. Prevent tax disputes, check land records, and ensure complete compliance.",https://www.propertism.in/doha-qatar/chennai-nri-property-tax/,546,yes,5,yes,INDEX,
/abu-dhabi/chennai-nri-property-tax/,NRI Property Tax Guide in Chennai for Abu Dhabi Residents | Propertism,Pay and Manage Your Chennai Property Taxes from Abu Dhabi Safely,"Manage and pay municipal property taxes for your Chennai assets from Abu Dhabi. Prevent tax disputes, check land records, and ensure complete compliance.",https://www.propertism.in/abu-dhabi/chennai-nri-property-tax/,546,yes,5,yes,INDEX,
/kuwait/chennai-nri-property-tax/,NRI Property Tax Guide in Chennai for Kuwait City Residents | Propertism,Professional NRI Property Tax Compliance & Filing in Chennai from Kuwait City,"Manage and pay municipal property taxes for your Chennai assets from Kuwait City. Prevent tax disputes, check land records, and ensure complete compliance.",https://www.propertism.in/kuwait/chennai-nri-property-tax/,546,yes,5,yes,INDEX,
/saudi/chennai-nri-property-tax/,NRI Property Tax Guide in Chennai for Riyadh Residents | Propertism,Pay and Manage Your Chennai Property Taxes from Riyadh Safely,"Manage and pay municipal property taxes for your Chennai assets from Riyadh. Prevent tax disputes, check land records, and ensure complete compliance.",https://www.propertism.in/saudi/chennai-nri-property-tax/,546,yes,5,yes,INDEX,
/malaysia/chennai-nri-property-tax/,NRI Property Tax Guide in Chennai for Kuala Lumpur Residents | Propertism,Manage Your Chennai Property Tax Obligations from Kuala Lumpur,"Manage and pay municipal property taxes for your Chennai assets from Kuala Lumpur. Prevent tax disputes, check land records, and ensure complete compliance.",https://www.propertism.in/malaysia/chennai-nri-property-tax/,546,yes,5,yes,INDEX,
/chennai/nri-capital-gains/,NRI Capital Gains on Property in Chennai | Sell-Side Guidance | Propertism,NRI Capital Gains on Property in Chennai,Know how capital gains apply when NRIs sell property in Chennai. Practical guidance before pricing or closing decisions.,https://www.propertism.in/chennai/nri-capital-gains/,546,yes,5,no,INDEX,
/hackensack-nj/chennai-nri-capital-gains/,"NRI Capital Gains Tax Guide in Chennai for Hackensack, NJ Residents | Propertism","Trusted Chennai Capital Gains Advisory for NRI Sellers in Hackensack, NJ","Optimize capital gains tax on Chennai property sales from Hackensack, NJ. Learn about TDS deductions, tax exemptions, and secure international fund transfers.",https://www.propertism.in/hackensack-nj/chennai-nri-capital-gains/,546,yes,5,yes,INDEX,
/new-york-usa/chennai-nri-capital-gains/,NRI Capital Gains Tax Guide in Chennai for New York Residents | Propertism,Calculate and Optimize Your Chennai Property Capital Gains Tax from New York,"Optimize capital gains tax on Chennai property sales from New York. Learn about TDS deductions, tax exemptions, and secure international fund transfers.",https://www.propertism.in/new-york-usa/chennai-nri-capital-gains/,546,yes,5,yes,INDEX,
/san-jose-ca/chennai-nri-capital-gains/,"NRI Capital Gains Tax Guide in Chennai for San Jose, CA Residents | Propertism","Calculate and Optimize Your Chennai Property Capital Gains Tax from San Jose, CA","Optimize capital gains tax on Chennai property sales from San Jose, CA. Learn about TDS deductions, tax exemptions, and secure international fund transfers.",https://www.propertism.in/san-jose-ca/chennai-nri-capital-gains/,546,yes,5,yes,INDEX,
/dallas-tx/chennai-nri-capital-gains/,"NRI Capital Gains Tax Guide in Chennai for Dallas, TX Residents | Propertism","Calculate and Optimize Your Chennai Property Capital Gains Tax from Dallas, TX","Optimize capital gains tax on Chennai property sales from Dallas, TX. Learn about TDS deductions, tax exemptions, and secure international fund transfers.",https://www.propertism.in/dallas-tx/chennai-nri-capital-gains/,546,yes,5,yes,INDEX,
/london-uk/chennai-nri-capital-gains/,NRI Capital Gains Tax Guide in Chennai for London Residents | Propertism,End-to-End NRI Capital Gains Tax Coordination in Chennai from London,"Optimize capital gains tax on Chennai property sales from London. Learn about TDS deductions, tax exemptions, and secure international fund transfers.",https://www.propertism.in/london-uk/chennai-nri-capital-gains/,546,yes,5,yes,INDEX,
/toronto-canada/chennai-nri-capital-gains/,NRI Capital Gains Tax Guide in Chennai for Toronto Residents | Propertism,Trusted Chennai Capital Gains Advisory for NRI Sellers in Toronto,"Optimize capital gains tax on Chennai property sales from Toronto. Learn about TDS deductions, tax exemptions, and secure international fund transfers.",https://www.propertism.in/toronto-canada/chennai-nri-capital-gains/,546,yes,5,yes,INDEX,
/dubai-uae/chennai-nri-capital-gains/,NRI Capital Gains Tax Guide in Chennai for Dubai Residents | Propertism,Professional NRI Capital Gains Tax Planning for Chennai Property from Dubai,"Optimize capital gains tax on Chennai property sales from Dubai. Learn about TDS deductions, tax exemptions, and secure international fund transfers.",https://www.propertism.in/dubai-uae/chennai-nri-capital-gains/,546,yes,5,yes,INDEX,
/singapore/chennai-nri-capital-gains/,NRI Capital Gains Tax Guide in Chennai for Singapore Residents | Propertism,Calculate and Optimize Your Chennai Property Capital Gains Tax from Singapore,"Optimize capital gains tax on Chennai property sales from Singapore. Learn about TDS deductions, tax exemptions, and secure international fund transfers.",https://www.propertism.in/singapore/chennai-nri-capital-gains/,546,yes,5,yes,INDEX,
/sydney-australia/chennai-nri-capital-gains/,NRI Capital Gains Tax Guide in Chennai for Sydney Residents | Propertism,Calculate and Optimize Your Chennai Property Capital Gains Tax from Sydney,"Optimize capital gains tax on Chennai property sales from Sydney. Learn about TDS deductions, tax exemptions, and secure international fund transfers.",https://www.propertism.in/sydney-australia/chennai-nri-capital-gains/,546,yes,5,yes,INDEX,
/doha-qatar/chennai-nri-capital-gains/,NRI Capital Gains Tax Guide in Chennai for Doha Residents | Propertism,Professional NRI Capital Gains Tax Planning for Chennai Property from Doha,"Optimize capital gains tax on Chennai property sales from Doha. Learn about TDS deductions, tax exemptions, and secure international fund transfers.",https://www.propertism.in/doha-qatar/chennai-nri-capital-gains/,546,yes,5,yes,INDEX,
/abu-dhabi/chennai-nri-capital-gains/,NRI Capital Gains Tax Guide in Chennai for Abu Dhabi Residents | Propertism,Minimize Your Chennai Property Sale Tax Liability from Abu Dhabi,"Optimize capital gains tax on Chennai property sales from Abu Dhabi. Learn about TDS deductions, tax exemptions, and secure international fund transfers.",https://www.propertism.in/abu-dhabi/chennai-nri-capital-gains/,546,yes,5,yes,INDEX,
/kuwait/chennai-nri-capital-gains/,NRI Capital Gains Tax Guide in Chennai for Kuwait City Residents | Propertism,Professional NRI Capital Gains Tax Planning for Chennai Property from Kuwait City,"Optimize capital gains tax on Chennai property sales from Kuwait City. Learn about TDS deductions, tax exemptions, and secure international fund transfers.",https://www.propertism.in/kuwait/chennai-nri-capital-gains/,546,yes,5,yes,INDEX,
/saudi/chennai-nri-capital-gains/,NRI Capital Gains Tax Guide in Chennai for Riyadh Residents | Propertism,Minimize Your Chennai Property Sale Tax Liability from Riyadh,"Optimize capital gains tax on Chennai property sales from Riyadh. Learn about TDS deductions, tax exemptions, and secure international fund transfers.",https://www.propertism.in/saudi/chennai-nri-capital-gains/,546,yes,5,yes,INDEX,
/malaysia/chennai-nri-capital-gains/,NRI Capital Gains Tax Guide in Chennai for Kuala Lumpur Residents | Propertism,Calculate and Optimize Your Chennai Property Capital Gains Tax from Kuala Lumpur,"Optimize capital gains tax on Chennai property sales from Kuala Lumpur. Learn about TDS deductions, tax exemptions, and secure international fund transfers.",https://www.propertism.in/malaysia/chennai-nri-capital-gains/,546,yes,5,yes,INDEX,
/chennai/nri-buy-villas/,Villas in Chennai for NRIs | Secure Investment Options | Propertism,Premium Villas in Chennai for NRIs,"Verified villa investment opportunities in Chennai for NRIs. Remote legal handling, trusted documentation, and complete property management.",https://www.propertism.in/chennai/nri-buy-villas/,573,no,5,no,REVIEW,no_structured_data
/hackensack-nj/chennai-nri-buy-villas/,"NRI Villa Investment in Chennai for Hackensack, NJ Residents | Propertism","Trusted Chennai Villa Purchase & Management for Buyers in Hackensack, NJ","Buy premium gated community villas in Chennai from Hackensack, NJ safely. We offer verified property listings, remote legal support, and complete post-purcha...",https://www.propertism.in/hackensack-nj/chennai-nri-buy-villas/,573,no,5,yes,REVIEW,no_structured_data
/new-york-usa/chennai-nri-buy-villas/,NRI Villa Investment in Chennai for New York Residents | Propertism,Invest in a Premium Chennai Villa from New York Safely,"Buy premium gated community villas in Chennai from New York safely. We offer verified property listings, remote legal support, and complete post-purchase care.",https://www.propertism.in/new-york-usa/chennai-nri-buy-villas/,573,no,5,yes,REVIEW,no_structured_data
/san-jose-ca/chennai-nri-buy-villas/,"NRI Villa Investment in Chennai for San Jose, CA Residents | Propertism","Invest in a Premium Chennai Villa from San Jose, CA Safely","Buy premium gated community villas in Chennai from San Jose, CA safely. We offer verified property listings, remote legal support, and complete post-purchase...",https://www.propertism.in/san-jose-ca/chennai-nri-buy-villas/,573,no,5,yes,REVIEW,no_structured_data
/dallas-tx/chennai-nri-buy-villas/,"NRI Villa Investment in Chennai for Dallas, TX Residents | Propertism","Invest in a Premium Chennai Villa from Dallas, TX Safely","Buy premium gated community villas in Chennai from Dallas, TX safely. We offer verified property listings, remote legal support, and complete post-purchase c...",https://www.propertism.in/dallas-tx/chennai-nri-buy-villas/,573,no,5,yes,REVIEW,no_structured_data
/london-uk/chennai-nri-buy-villas/,NRI Villa Investment in Chennai for London Residents | Propertism,End-to-End Villa Acquisition Services in Chennai from London,"Buy premium gated community villas in Chennai from London safely. We offer verified property listings, remote legal support, and complete post-purchase care.",https://www.propertism.in/london-uk/chennai-nri-buy-villas/,573,no,5,yes,REVIEW,no_structured_data
/toronto-canada/chennai-nri-buy-villas/,NRI Villa Investment in Chennai for Toronto Residents | Propertism,Trusted Chennai Villa Purchase & Management for Buyers in Toronto,"Buy premium gated community villas in Chennai from Toronto safely. We offer verified property listings, remote legal support, and complete post-purchase care.",https://www.propertism.in/toronto-canada/chennai-nri-buy-villas/,573,no,5,yes,REVIEW,no_structured_data
/dubai-uae/chennai-nri-buy-villas/,NRI Villa Investment in Chennai for Dubai Residents | Propertism,Premium Villas in Chennai for NRI Investors in Dubai,"Buy premium gated community villas in Chennai from Dubai safely. We offer verified property listings, remote legal support, and complete post-purchase care.",https://www.propertism.in/dubai-uae/chennai-nri-buy-villas/,573,no,5,yes,REVIEW,no_structured_data
/singapore/chennai-nri-buy-villas/,NRI Villa Investment in Chennai for Singapore Residents | Propertism,Invest in a Premium Chennai Villa from Singapore Safely,"Buy premium gated community villas in Chennai from Singapore safely. We offer verified property listings, remote legal support, and complete post-purchase care.",https://www.propertism.in/singapore/chennai-nri-buy-villas/,573,no,5,yes,REVIEW,no_structured_data
/sydney-australia/chennai-nri-buy-villas/,NRI Villa Investment in Chennai for Sydney Residents | Propertism,Invest in a Premium Chennai Villa from Sydney Safely,"Buy premium gated community villas in Chennai from Sydney safely. We offer verified property listings, remote legal support, and complete post-purchase care.",https://www.propertism.in/sydney-australia/chennai-nri-buy-villas/,573,no,5,yes,REVIEW,no_structured_data
/doha-qatar/chennai-nri-buy-villas/,NRI Villa Investment in Chennai for Doha Residents | Propertism,Premium Villas in Chennai for NRI Investors in Doha,"Buy premium gated community villas in Chennai from Doha safely. We offer verified property listings, remote legal support, and complete post-purchase care.",https://www.propertism.in/doha-qatar/chennai-nri-buy-villas/,573,no,5,yes,REVIEW,no_structured_data
/abu-dhabi/chennai-nri-buy-villas/,NRI Villa Investment in Chennai for Abu Dhabi Residents | Propertism,Find Your Dream Villa in Chennai from Abu Dhabi with Propertism,"Buy premium gated community villas in Chennai from Abu Dhabi safely. We offer verified property listings, remote legal support, and complete post-purchase care.",https://www.propertism.in/abu-dhabi/chennai-nri-buy-villas/,573,no,5,yes,REVIEW,no_structured_data
/kuwait/chennai-nri-buy-villas/,NRI Villa Investment in Chennai for Kuwait City Residents | Propertism,Premium Villas in Chennai for NRI Investors in Kuwait City,"Buy premium gated community villas in Chennai from Kuwait City safely. We offer verified property listings, remote legal support, and complete post-purchase ...",https://www.propertism.in/kuwait/chennai-nri-buy-villas/,573,no,5,yes,REVIEW,no_structured_data
/saudi/chennai-nri-buy-villas/,NRI Villa Investment in Chennai for Riyadh Residents | Propertism,Find Your Dream Villa in Chennai from Riyadh with Propertism,"Buy premium gated community villas in Chennai from Riyadh safely. We offer verified property listings, remote legal support, and complete post-purchase care.",https://www.propertism.in/saudi/chennai-nri-buy-villas/,573,no,5,yes,REVIEW,no_structured_data
/malaysia/chennai-nri-buy-villas/,NRI Villa Investment in Chennai for Kuala Lumpur Residents | Propertism,Invest in a Premium Chennai Villa from Kuala Lumpur Safely,"Buy premium gated community villas in Chennai from Kuala Lumpur safely. We offer verified property listings, remote legal support, and complete post-purchase...",https://www.propertism.in/malaysia/chennai-nri-buy-villas/,573,no,5,yes,REVIEW,no_structured_data
/chennai/nri-buy-flats/,Flats in Chennai for NRIs | High-Yield Apartments | Propertism,Apartments & Flats in Chennai for NRIs,"Buy verified flats in Chennai while living abroad. Full NRI support for property search, legal handling, and tenant management.",https://www.propertism.in/chennai/nri-buy-flats/,550,no,5,no,REVIEW,no_structured_data
/hackensack-nj/chennai-nri-buy-flats/,"NRI Flat Investment in Chennai for Hackensack, NJ Residents | Propertism","Trusted Chennai Apartment Purchase & Tenant Placement for NRIs in Hackensack, NJ","Invest in high-yield apartments and flats in Chennai from Hackensack, NJ safely. Get verified listings, clear title deeds verification, and tenant management.",https://www.propertism.in/hackensack-nj/chennai-nri-buy-flats/,550,no,5,yes,REVIEW,no_structured_data
/new-york-usa/chennai-nri-buy-flats/,NRI Flat Investment in Chennai for New York Residents | Propertism,Invest in a High-Yield Chennai Flat from New York Safely,"Invest in high-yield apartments and flats in Chennai from New York safely. Get verified listings, clear title deeds verification, and tenant management.",https://www.propertism.in/new-york-usa/chennai-nri-buy-flats/,550,no,5,yes,REVIEW,no_structured_data
/san-jose-ca/chennai-nri-buy-flats/,"NRI Flat Investment in Chennai for San Jose, CA Residents | Propertism","Invest in a High-Yield Chennai Flat from San Jose, CA Safely","Invest in high-yield apartments and flats in Chennai from San Jose, CA safely. Get verified listings, clear title deeds verification, and tenant management.",https://www.propertism.in/san-jose-ca/chennai-nri-buy-flats/,550,no,5,yes,REVIEW,no_structured_data
/dallas-tx/chennai-nri-buy-flats/,"NRI Flat Investment in Chennai for Dallas, TX Residents | Propertism","Invest in a High-Yield Chennai Flat from Dallas, TX Safely","Invest in high-yield apartments and flats in Chennai from Dallas, TX safely. Get verified listings, clear title deeds verification, and tenant management.",https://www.propertism.in/dallas-tx/chennai-nri-buy-flats/,550,no,5,yes,REVIEW,no_structured_data
/london-uk/chennai-nri-buy-flats/,NRI Flat Investment in Chennai for London Residents | Propertism,End-to-End Flat Acquisition & Management in Chennai from London,"Invest in high-yield apartments and flats in Chennai from London safely. Get verified listings, clear title deeds verification, and tenant management.",https://www.propertism.in/london-uk/chennai-nri-buy-flats/,550,no,5,yes,REVIEW,no_structured_data
/toronto-canada/chennai-nri-buy-flats/,NRI Flat Investment in Chennai for Toronto Residents | Propertism,Trusted Chennai Apartment Purchase & Tenant Placement for NRIs in Toronto,"Invest in high-yield apartments and flats in Chennai from Toronto safely. Get verified listings, clear title deeds verification, and tenant management.",https://www.propertism.in/toronto-canada/chennai-nri-buy-flats/,550,no,5,yes,REVIEW,no_structured_data
/dubai-uae/chennai-nri-buy-flats/,NRI Flat Investment in Chennai for Dubai Residents | Propertism,Apartments & Flats in Chennai for NRI Buyers in Dubai,"Invest in high-yield apartments and flats in Chennai from Dubai safely. Get verified listings, clear title deeds verification, and tenant management.",https://www.propertism.in/dubai-uae/chennai-nri-buy-flats/,550,no,5,yes,REVIEW,no_structured_data
/singapore/chennai-nri-buy-flats/,NRI Flat Investment in Chennai for Singapore Residents | Propertism,Invest in a High-Yield Chennai Flat from Singapore Safely,"Invest in high-yield apartments and flats in Chennai from Singapore safely. Get verified listings, clear title deeds verification, and tenant management.",https://www.propertism.in/singapore/chennai-nri-buy-flats/,550,no,5,yes,REVIEW,no_structured_data
/sydney-australia/chennai-nri-buy-flats/,NRI Flat Investment in Chennai for Sydney Residents | Propertism,Invest in a High-Yield Chennai Flat from Sydney Safely,"Invest in high-yield apartments and flats in Chennai from Sydney safely. Get verified listings, clear title deeds verification, and tenant management.",https://www.propertism.in/sydney-australia/chennai-nri-buy-flats/,550,no,5,yes,REVIEW,no_structured_data
/doha-qatar/chennai-nri-buy-flats/,NRI Flat Investment in Chennai for Doha Residents | Propertism,Apartments & Flats in Chennai for NRI Buyers in Doha,"Invest in high-yield apartments and flats in Chennai from Doha safely. Get verified listings, clear title deeds verification, and tenant management.",https://www.propertism.in/doha-qatar/chennai-nri-buy-flats/,550,no,5,yes,REVIEW,no_structured_data
/abu-dhabi/chennai-nri-buy-flats/,NRI Flat Investment in Chennai for Abu Dhabi Residents | Propertism,Find Verified Apartments & Flats in Chennai from Abu Dhabi,"Invest in high-yield apartments and flats in Chennai from Abu Dhabi safely. Get verified listings, clear title deeds verification, and tenant management.",https://www.propertism.in/abu-dhabi/chennai-nri-buy-flats/,550,no,5,yes,REVIEW,no_structured_data
/kuwait/chennai-nri-buy-flats/,NRI Flat Investment in Chennai for Kuwait City Residents | Propertism,Apartments & Flats in Chennai for NRI Buyers in Kuwait City,"Invest in high-yield apartments and flats in Chennai from Kuwait City safely. Get verified listings, clear title deeds verification, and tenant management.",https://www.propertism.in/kuwait/chennai-nri-buy-flats/,550,no,5,yes,REVIEW,no_structured_data
/saudi/chennai-nri-buy-flats/,NRI Flat Investment in Chennai for Riyadh Residents | Propertism,Find Verified Apartments & Flats in Chennai from Riyadh,"Invest in high-yield apartments and flats in Chennai from Riyadh safely. Get verified listings, clear title deeds verification, and tenant management.",https://www.propertism.in/saudi/chennai-nri-buy-flats/,550,no,5,yes,REVIEW,no_structured_data
/malaysia/chennai-nri-buy-flats/,NRI Flat Investment in Chennai for Kuala Lumpur Residents | Propertism,Invest in a High-Yield Chennai Flat from Kuala Lumpur Safely,"Invest in high-yield apartments and flats in Chennai from Kuala Lumpur safely. Get verified listings, clear title deeds verification, and tenant management.",https://www.propertism.in/malaysia/chennai-nri-buy-flats/,550,no,5,yes,REVIEW,no_structured_data
/chennai/nri-investment-properties/,High-Yield Property Investment in Chennai for NRIs | Propertism,NRI Property Investment Advisory in Chennai,Build a high-yield real estate portfolio in Chennai from overseas. Data-driven investment advisory and verified high-growth property listings.,https://www.propertism.in/chennai/nri-investment-properties/,554,no,5,no,REVIEW,no_structured_data
/hackensack-nj/chennai-nri-investment-properties/,"NRI Property Investment in Chennai for Hackensack, NJ Residents | Propertism","Trusted Chennai Real Estate Investment Advisory for Buyers in Hackensack, NJ","High-growth property investment options in Chennai for NRIs in Hackensack, NJ. Data-driven advisor search, title verification, and remote transaction assista...",https://www.propertism.in/hackensack-nj/chennai-nri-investment-properties/,554,no,5,yes,REVIEW,no_structured_data
/new-york-usa/chennai-nri-investment-properties/,NRI Property Investment in Chennai for New York Residents | Propertism,Build Your Chennai Real Estate Portfolio from New York,"High-growth property investment options in Chennai for NRIs in New York. Data-driven advisor search, title verification, and remote transaction assistance.",https://www.propertism.in/new-york-usa/chennai-nri-investment-properties/,554,no,5,yes,REVIEW,no_structured_data
/san-jose-ca/chennai-nri-investment-properties/,"NRI Property Investment in Chennai for San Jose, CA Residents | Propertism","Build Your Chennai Real Estate Portfolio from San Jose, CA","High-growth property investment options in Chennai for NRIs in San Jose, CA. Data-driven advisor search, title verification, and remote transaction assistance.",https://www.propertism.in/san-jose-ca/chennai-nri-investment-properties/,554,no,5,yes,REVIEW,no_structured_data
/dallas-tx/chennai-nri-investment-properties/,"NRI Property Investment in Chennai for Dallas, TX Residents | Propertism","Build Your Chennai Real Estate Portfolio from Dallas, TX","High-growth property investment options in Chennai for NRIs in Dallas, TX. Data-driven advisor search, title verification, and remote transaction assistance.",https://www.propertism.in/dallas-tx/chennai-nri-investment-properties/,554,no,5,yes,REVIEW,no_structured_data
/london-uk/chennai-nri-investment-properties/,NRI Property Investment in Chennai for London Residents | Propertism,End-to-End Property Investment Services in Chennai from London,"High-growth property investment options in Chennai for NRIs in London. Data-driven advisor search, title verification, and remote transaction assistance.",https://www.propertism.in/london-uk/chennai-nri-investment-properties/,554,no,5,yes,REVIEW,no_structured_data
/toronto-canada/chennai-nri-investment-properties/,NRI Property Investment in Chennai for Toronto Residents | Propertism,Trusted Chennai Real Estate Investment Advisory for Buyers in Toronto,"High-growth property investment options in Chennai for NRIs in Toronto. Data-driven advisor search, title verification, and remote transaction assistance.",https://www.propertism.in/toronto-canada/chennai-nri-investment-properties/,554,no,5,yes,REVIEW,no_structured_data
/dubai-uae/chennai-nri-investment-properties/,NRI Property Investment in Chennai for Dubai Residents | Propertism,Verified Investment Properties in Chennai for NRI Investors in Dubai,"High-growth property investment options in Chennai for NRIs in Dubai. Data-driven advisor search, title verification, and remote transaction assistance.",https://www.propertism.in/dubai-uae/chennai-nri-investment-properties/,554,no,5,yes,REVIEW,no_structured_data
/singapore/chennai-nri-investment-properties/,NRI Property Investment in Chennai for Singapore Residents | Propertism,Build Your Chennai Real Estate Portfolio from Singapore,"High-growth property investment options in Chennai for NRIs in Singapore. Data-driven advisor search, title verification, and remote transaction assistance.",https://www.propertism.in/singapore/chennai-nri-investment-properties/,554,no,5,yes,REVIEW,no_structured_data
/sydney-australia/chennai-nri-investment-properties/,NRI Property Investment in Chennai for Sydney Residents | Propertism,Build Your Chennai Real Estate Portfolio from Sydney,"High-growth property investment options in Chennai for NRIs in Sydney. Data-driven advisor search, title verification, and remote transaction assistance.",https://www.propertism.in/sydney-australia/chennai-nri-investment-properties/,554,no,5,yes,REVIEW,no_structured_data
/doha-qatar/chennai-nri-investment-properties/,NRI Property Investment in Chennai for Doha Residents | Propertism,Verified Investment Properties in Chennai for NRI Investors in Doha,"High-growth property investment options in Chennai for NRIs in Doha. Data-driven advisor search, title verification, and remote transaction assistance.",https://www.propertism.in/doha-qatar/chennai-nri-investment-properties/,554,no,5,yes,REVIEW,no_structured_data
/abu-dhabi/chennai-nri-investment-properties/,NRI Property Investment in Chennai for Abu Dhabi Residents | Propertism,Maximize Your Chennai Property Investment ROI from Abu Dhabi,"High-growth property investment options in Chennai for NRIs in Abu Dhabi. Data-driven advisor search, title verification, and remote transaction assistance.",https://www.propertism.in/abu-dhabi/chennai-nri-investment-properties/,554,no,5,yes,REVIEW,no_structured_data
/kuwait/chennai-nri-investment-properties/,NRI Property Investment in Chennai for Kuwait City Residents | Propertism,Verified Investment Properties in Chennai for NRI Investors in Kuwait City,"High-growth property investment options in Chennai for NRIs in Kuwait City. Data-driven advisor search, title verification, and remote transaction assistance.",https://www.propertism.in/kuwait/chennai-nri-investment-properties/,554,no,5,yes,REVIEW,no_structured_data
/saudi/chennai-nri-investment-properties/,NRI Property Investment in Chennai for Riyadh Residents | Propertism,Maximize Your Chennai Property Investment ROI from Riyadh,"High-growth property investment options in Chennai for NRIs in Riyadh. Data-driven advisor search, title verification, and remote transaction assistance.",https://www.propertism.in/saudi/chennai-nri-investment-properties/,554,no,5,yes,REVIEW,no_structured_data
/malaysia/chennai-nri-investment-properties/,NRI Property Investment in Chennai for Kuala Lumpur Residents | Propertism,Build Your Chennai Real Estate Portfolio from Kuala Lumpur,"High-growth property investment options in Chennai for NRIs in Kuala Lumpur. Data-driven advisor search, title verification, and remote transaction assistance.",https://www.propertism.in/malaysia/chennai-nri-investment-properties/,554,no,5,yes,REVIEW,no_structured_data
/chennai/nri-luxury-properties/,Luxury Real Estate in Chennai for NRIs | Premium Portfolio | Propertism,Premium Luxury Properties in Chennai for NRIs,Exclusive collection of luxury villas and apartments in Chennai for HNI and NRI investors. World-class amenities and prime location focus.,https://www.propertism.in/chennai/nri-luxury-properties/,546,no,5,no,REVIEW,no_structured_data
/hackensack-nj/chennai-nri-luxury-properties/,"NRI Luxury Properties in Chennai for Hackensack, NJ Residents | Propertism","Trusted Chennai Luxury Villa & Flat Search for Buyers in Hackensack, NJ","Explore premium luxury villas and flats in Chennai from Hackensack, NJ. Curated high-specification homes, verified documents, and on-ground transaction handl...",https://www.propertism.in/hackensack-nj/chennai-nri-luxury-properties/,546,no,5,yes,REVIEW,no_structured_data
/new-york-usa/chennai-nri-luxury-properties/,NRI Luxury Properties in Chennai for New York Residents | Propertism,Invest in Luxury Real Estate in Chennai from New York Safely,"Explore premium luxury villas and flats in Chennai from New York. Curated high-specification homes, verified documents, and on-ground transaction handling.",https://www.propertism.in/new-york-usa/chennai-nri-luxury-properties/,546,no,5,yes,REVIEW,no_structured_data
/san-jose-ca/chennai-nri-luxury-properties/,"NRI Luxury Properties in Chennai for San Jose, CA Residents | Propertism","Invest in Luxury Real Estate in Chennai from San Jose, CA Safely","Explore premium luxury villas and flats in Chennai from San Jose, CA. Curated high-specification homes, verified documents, and on-ground transaction handling.",https://www.propertism.in/san-jose-ca/chennai-nri-luxury-properties/,546,no,5,yes,REVIEW,no_structured_data
/dallas-tx/chennai-nri-luxury-properties/,"NRI Luxury Properties in Chennai for Dallas, TX Residents | Propertism","Invest in Luxury Real Estate in Chennai from Dallas, TX Safely","Explore premium luxury villas and flats in Chennai from Dallas, TX. Curated high-specification homes, verified documents, and on-ground transaction handling.",https://www.propertism.in/dallas-tx/chennai-nri-luxury-properties/,546,no,5,yes,REVIEW,no_structured_data
/london-uk/chennai-nri-luxury-properties/,NRI Luxury Properties in Chennai for London Residents | Propertism,End-to-End Luxury Property Purchase & Management in Chennai from London,"Explore premium luxury villas and flats in Chennai from London. Curated high-specification homes, verified documents, and on-ground transaction handling.",https://www.propertism.in/london-uk/chennai-nri-luxury-properties/,546,no,5,yes,REVIEW,no_structured_data
/toronto-canada/chennai-nri-luxury-properties/,NRI Luxury Properties in Chennai for Toronto Residents | Propertism,Trusted Chennai Luxury Villa & Flat Search for Buyers in Toronto,"Explore premium luxury villas and flats in Chennai from Toronto. Curated high-specification homes, verified documents, and on-ground transaction handling.",https://www.propertism.in/toronto-canada/chennai-nri-luxury-properties/,546,no,5,yes,REVIEW,no_structured_data
/dubai-uae/chennai-nri-luxury-properties/,NRI Luxury Properties in Chennai for Dubai Residents | Propertism,Premium Luxury Properties in Chennai for HNI and NRI Buyers in Dubai,"Explore premium luxury villas and flats in Chennai from Dubai. Curated high-specification homes, verified documents, and on-ground transaction handling.",https://www.propertism.in/dubai-uae/chennai-nri-luxury-properties/,546,no,5,yes,REVIEW,no_structured_data
/singapore/chennai-nri-luxury-properties/,NRI Luxury Properties in Chennai for Singapore Residents | Propertism,Invest in Luxury Real Estate in Chennai from Singapore Safely,"Explore premium luxury villas and flats in Chennai from Singapore. Curated high-specification homes, verified documents, and on-ground transaction handling.",https://www.propertism.in/singapore/chennai-nri-luxury-properties/,546,no,5,yes,REVIEW,no_structured_data
/sydney-australia/chennai-nri-luxury-properties/,NRI Luxury Properties in Chennai for Sydney Residents | Propertism,Invest in Luxury Real Estate in Chennai from Sydney Safely,"Explore premium luxury villas and flats in Chennai from Sydney. Curated high-specification homes, verified documents, and on-ground transaction handling.",https://www.propertism.in/sydney-australia/chennai-nri-luxury-properties/,546,no,5,yes,REVIEW,no_structured_data
/doha-qatar/chennai-nri-luxury-properties/,NRI Luxury Properties in Chennai for Doha Residents | Propertism,Premium Luxury Properties in Chennai for HNI and NRI Buyers in Doha,"Explore premium luxury villas and flats in Chennai from Doha. Curated high-specification homes, verified documents, and on-ground transaction handling.",https://www.propertism.in/doha-qatar/chennai-nri-luxury-properties/,546,no,5,yes,REVIEW,no_structured_data
/abu-dhabi/chennai-nri-luxury-properties/,NRI Luxury Properties in Chennai for Abu Dhabi Residents | Propertism,Find Exclusive Luxury Homes in Chennai from Abu Dhabi,"Explore premium luxury villas and flats in Chennai from Abu Dhabi. Curated high-specification homes, verified documents, and on-ground transaction handling.",https://www.propertism.in/abu-dhabi/chennai-nri-luxury-properties/,546,no,5,yes,REVIEW,no_structured_data
/kuwait/chennai-nri-luxury-properties/,NRI Luxury Properties in Chennai for Kuwait City Residents | Propertism,Premium Luxury Properties in Chennai for HNI and NRI Buyers in Kuwait City,"Explore premium luxury villas and flats in Chennai from Kuwait City. Curated high-specification homes, verified documents, and on-ground transaction handling.",https://www.propertism.in/kuwait/chennai-nri-luxury-properties/,546,no,5,yes,REVIEW,no_structured_data
/saudi/chennai-nri-luxury-properties/,NRI Luxury Properties in Chennai for Riyadh Residents | Propertism,Find Exclusive Luxury Homes in Chennai from Riyadh,"Explore premium luxury villas and flats in Chennai from Riyadh. Curated high-specification homes, verified documents, and on-ground transaction handling.",https://www.propertism.in/saudi/chennai-nri-luxury-properties/,546,no,5,yes,REVIEW,no_structured_data
/malaysia/chennai-nri-luxury-properties/,NRI Luxury Properties in Chennai for Kuala Lumpur Residents | Propertism,Invest in Luxury Real Estate in Chennai from Kuala Lumpur Safely,"Explore premium luxury villas and flats in Chennai from Kuala Lumpur. Curated high-specification homes, verified documents, and on-ground transaction handling.",https://www.propertism.in/malaysia/chennai-nri-luxury-properties/,546,no,5,yes,REVIEW,no_structured_data
/chennai/flats-for-sale/,Flats for Sale in Chennai | Verified Apartments | Propertism,Apartments & Flats for Sale in Chennai,Browse verified flats for sale in Chennai. Direct builder listings with transparent pricing and complete documentation.,https://www.propertism.in/chennai/flats-for-sale/,542,no,5,no,REVIEW,no_structured_data
/hackensack-nj/chennai-flats-for-sale/,"Flats for Sale in Chennai for Hackensack, NJ Residents | Propertism","Trusted Chennai Flats for Sale — NRI Buying Support in Hackensack, NJ","Buy verified flats and apartments in Chennai from Hackensack, NJ with direct builder pricing, legal vetting, and full remote-first home buying coordination.",https://www.propertism.in/hackensack-nj/chennai-flats-for-sale/,542,no,5,yes,REVIEW,no_structured_data
/new-york-usa/chennai-flats-for-sale/,Flats for Sale in Chennai for New York Residents | Propertism,Buy a Flat in Chennai from New York with Complete Verification,"Buy verified flats and apartments in Chennai from New York with direct builder pricing, legal vetting, and full remote-first home buying coordination.",https://www.propertism.in/new-york-usa/chennai-flats-for-sale/,542,no,5,yes,REVIEW,no_structured_data
/san-jose-ca/chennai-flats-for-sale/,"Flats for Sale in Chennai for San Jose, CA Residents | Propertism","Buy a Flat in Chennai from San Jose, CA with Complete Verification","Buy verified flats and apartments in Chennai from San Jose, CA with direct builder pricing, legal vetting, and full remote-first home buying coordination.",https://www.propertism.in/san-jose-ca/chennai-flats-for-sale/,542,no,5,yes,REVIEW,no_structured_data
/dallas-tx/chennai-flats-for-sale/,"Flats for Sale in Chennai for Dallas, TX Residents | Propertism","Buy a Flat in Chennai from Dallas, TX with Complete Verification","Buy verified flats and apartments in Chennai from Dallas, TX with direct builder pricing, legal vetting, and full remote-first home buying coordination.",https://www.propertism.in/dallas-tx/chennai-flats-for-sale/,542,no,5,yes,REVIEW,no_structured_data
/london-uk/chennai-flats-for-sale/,Flats for Sale in Chennai for London Residents | Propertism,End-to-End Flat Purchase Services in Chennai from London,"Buy verified flats and apartments in Chennai from London with direct builder pricing, legal vetting, and full remote-first home buying coordination.",https://www.propertism.in/london-uk/chennai-flats-for-sale/,542,no,5,yes,REVIEW,no_structured_data
/toronto-canada/chennai-flats-for-sale/,Flats for Sale in Chennai for Toronto Residents | Propertism,Trusted Chennai Flats for Sale — NRI Buying Support in Toronto,"Buy verified flats and apartments in Chennai from Toronto with direct builder pricing, legal vetting, and full remote-first home buying coordination.",https://www.propertism.in/toronto-canada/chennai-flats-for-sale/,542,no,5,yes,REVIEW,no_structured_data
/dubai-uae/chennai-flats-for-sale/,Flats for Sale in Chennai for Dubai Residents | Propertism,Verified Apartments & Flats for Sale in Chennai for NRIs in Dubai,"Buy verified flats and apartments in Chennai from Dubai with direct builder pricing, legal vetting, and full remote-first home buying coordination.",https://www.propertism.in/dubai-uae/chennai-flats-for-sale/,542,no,5,yes,REVIEW,no_structured_data
/singapore/chennai-flats-for-sale/,Flats for Sale in Chennai for Singapore Residents | Propertism,Buy a Flat in Chennai from Singapore with Complete Verification,"Buy verified flats and apartments in Chennai from Singapore with direct builder pricing, legal vetting, and full remote-first home buying coordination.",https://www.propertism.in/singapore/chennai-flats-for-sale/,542,no,5,yes,REVIEW,no_structured_data
/sydney-australia/chennai-flats-for-sale/,Flats for Sale in Chennai for Sydney Residents | Propertism,Buy a Flat in Chennai from Sydney with Complete Verification,"Buy verified flats and apartments in Chennai from Sydney with direct builder pricing, legal vetting, and full remote-first home buying coordination.",https://www.propertism.in/sydney-australia/chennai-flats-for-sale/,542,no,5,yes,REVIEW,no_structured_data
/doha-qatar/chennai-flats-for-sale/,Flats for Sale in Chennai for Doha Residents | Propertism,Verified Apartments & Flats for Sale in Chennai for NRIs in Doha,"Buy verified flats and apartments in Chennai from Doha with direct builder pricing, legal vetting, and full remote-first home buying coordination.",https://www.propertism.in/doha-qatar/chennai-flats-for-sale/,542,no,5,yes,REVIEW,no_structured_data
/abu-dhabi/chennai-flats-for-sale/,Flats for Sale in Chennai for Abu Dhabi Residents | Propertism,Browse Verified Flats for Sale in Chennai from Abu Dhabi,"Buy verified flats and apartments in Chennai from Abu Dhabi with direct builder pricing, legal vetting, and full remote-first home buying coordination.",https://www.propertism.in/abu-dhabi/chennai-flats-for-sale/,542,no,5,yes,REVIEW,no_structured_data
/kuwait/chennai-flats-for-sale/,Flats for Sale in Chennai for Kuwait City Residents | Propertism,Verified Apartments & Flats for Sale in Chennai for NRIs in Kuwait City,"Buy verified flats and apartments in Chennai from Kuwait City with direct builder pricing, legal vetting, and full remote-first home buying coordination.",https://www.propertism.in/kuwait/chennai-flats-for-sale/,542,no,5,yes,REVIEW,no_structured_data
/saudi/chennai-flats-for-sale/,Flats for Sale in Chennai for Riyadh Residents | Propertism,Browse Verified Flats for Sale in Chennai from Riyadh,"Buy verified flats and apartments in Chennai from Riyadh with direct builder pricing, legal vetting, and full remote-first home buying coordination.",https://www.propertism.in/saudi/chennai-flats-for-sale/,542,no,5,yes,REVIEW,no_structured_data
/malaysia/chennai-flats-for-sale/,Flats for Sale in Chennai for Kuala Lumpur Residents | Propertism,Buy a Flat in Chennai from Kuala Lumpur with Complete Verification,"Buy verified flats and apartments in Chennai from Kuala Lumpur with direct builder pricing, legal vetting, and full remote-first home buying coordination.",https://www.propertism.in/malaysia/chennai-flats-for-sale/,542,no,5,yes,REVIEW,no_structured_data
/chennai/villas-for-sale/,Villas for Sale in Chennai | Independent Houses | Propertism,Independent Houses & Villas for Sale in Chennai,Latest villas and independent houses for sale in Chennai. Premium gated communities and luxury individual homes.,https://www.propertism.in/chennai/villas-for-sale/,536,no,5,no,REVIEW,no_structured_data
/hackensack-nj/chennai-villas-for-sale/,"Villas for Sale in Chennai for Hackensack, NJ Residents | Propertism","Trusted Chennai Villas for Sale — NRI Purchase Support in Hackensack, NJ","Buy independent houses and gated villas in Chennai from Hackensack, NJ. Complete document verification, remote legal assistance, and post-purchase management.",https://www.propertism.in/hackensack-nj/chennai-villas-for-sale/,536,no,5,yes,REVIEW,no_structured_data
/new-york-usa/chennai-villas-for-sale/,Villas for Sale in Chennai for New York Residents | Propertism,Buy a Villa in Chennai from New York with Complete Legal Vetting,"Buy independent houses and gated villas in Chennai from New York. Complete document verification, remote legal assistance, and post-purchase management.",https://www.propertism.in/new-york-usa/chennai-villas-for-sale/,536,no,5,yes,REVIEW,no_structured_data
/san-jose-ca/chennai-villas-for-sale/,"Villas for Sale in Chennai for San Jose, CA Residents | Propertism","Buy a Villa in Chennai from San Jose, CA with Complete Legal Vetting","Buy independent houses and gated villas in Chennai from San Jose, CA. Complete document verification, remote legal assistance, and post-purchase management.",https://www.propertism.in/san-jose-ca/chennai-villas-for-sale/,536,no,5,yes,REVIEW,no_structured_data
/dallas-tx/chennai-villas-for-sale/,"Villas for Sale in Chennai for Dallas, TX Residents | Propertism","Buy a Villa in Chennai from Dallas, TX with Complete Legal Vetting","Buy independent houses and gated villas in Chennai from Dallas, TX. Complete document verification, remote legal assistance, and post-purchase management.",https://www.propertism.in/dallas-tx/chennai-villas-for-sale/,536,no,5,yes,REVIEW,no_structured_data
/london-uk/chennai-villas-for-sale/,Villas for Sale in Chennai for London Residents | Propertism,End-to-End Villa Purchase Coordination in Chennai from London,"Buy independent houses and gated villas in Chennai from London. Complete document verification, remote legal assistance, and post-purchase management.",https://www.propertism.in/london-uk/chennai-villas-for-sale/,536,no,5,yes,REVIEW,no_structured_data
/toronto-canada/chennai-villas-for-sale/,Villas for Sale in Chennai for Toronto Residents | Propertism,Trusted Chennai Villas for Sale — NRI Purchase Support in Toronto,"Buy independent houses and gated villas in Chennai from Toronto. Complete document verification, remote legal assistance, and post-purchase management.",https://www.propertism.in/toronto-canada/chennai-villas-for-sale/,536,no,5,yes,REVIEW,no_structured_data
/dubai-uae/chennai-villas-for-sale/,Villas for Sale in Chennai for Dubai Residents | Propertism,Premium Independent Houses & Villas for Sale in Chennai for NRIs in Dubai,"Buy independent houses and gated villas in Chennai from Dubai. Complete document verification, remote legal assistance, and post-purchase management.",https://www.propertism.in/dubai-uae/chennai-villas-for-sale/,536,no,5,yes,REVIEW,no_structured_data
/singapore/chennai-villas-for-sale/,Villas for Sale in Chennai for Singapore Residents | Propertism,Buy a Villa in Chennai from Singapore with Complete Legal Vetting,"Buy independent houses and gated villas in Chennai from Singapore. Complete document verification, remote legal assistance, and post-purchase management.",https://www.propertism.in/singapore/chennai-villas-for-sale/,536,no,5,yes,REVIEW,no_structured_data
/sydney-australia/chennai-villas-for-sale/,Villas for Sale in Chennai for Sydney Residents | Propertism,Buy a Villa in Chennai from Sydney with Complete Legal Vetting,"Buy independent houses and gated villas in Chennai from Sydney. Complete document verification, remote legal assistance, and post-purchase management.",https://www.propertism.in/sydney-australia/chennai-villas-for-sale/,536,no,5,yes,REVIEW,no_structured_data
/doha-qatar/chennai-villas-for-sale/,Villas for Sale in Chennai for Doha Residents | Propertism,Premium Independent Houses & Villas for Sale in Chennai for NRIs in Doha,"Buy independent houses and gated villas in Chennai from Doha. Complete document verification, remote legal assistance, and post-purchase management.",https://www.propertism.in/doha-qatar/chennai-villas-for-sale/,536,no,5,yes,REVIEW,no_structured_data
/abu-dhabi/chennai-villas-for-sale/,Villas for Sale in Chennai for Abu Dhabi Residents | Propertism,Browse Verified Villas & Houses for Sale in Chennai from Abu Dhabi,"Buy independent houses and gated villas in Chennai from Abu Dhabi. Complete document verification, remote legal assistance, and post-purchase management.",https://www.propertism.in/abu-dhabi/chennai-villas-for-sale/,536,no,5,yes,REVIEW,no_structured_data
/kuwait/chennai-villas-for-sale/,Villas for Sale in Chennai for Kuwait City Residents | Propertism,Premium Independent Houses & Villas for Sale in Chennai for NRIs in Kuwait City,"Buy independent houses and gated villas in Chennai from Kuwait City. Complete document verification, remote legal assistance, and post-purchase management.",https://www.propertism.in/kuwait/chennai-villas-for-sale/,536,no,5,yes,REVIEW,no_structured_data
/saudi/chennai-villas-for-sale/,Villas for Sale in Chennai for Riyadh Residents | Propertism,Browse Verified Villas & Houses for Sale in Chennai from Riyadh,"Buy independent houses and gated villas in Chennai from Riyadh. Complete document verification, remote legal assistance, and post-purchase management.",https://www.propertism.in/saudi/chennai-villas-for-sale/,536,no,5,yes,REVIEW,no_structured_data
/malaysia/chennai-villas-for-sale/,Villas for Sale in Chennai for Kuala Lumpur Residents | Propertism,Buy a Villa in Chennai from Kuala Lumpur with Complete Legal Vetting,"Buy independent houses and gated villas in Chennai from Kuala Lumpur. Complete document verification, remote legal assistance, and post-purchase management.",https://www.propertism.in/malaysia/chennai-villas-for-sale/,536,no,5,yes,REVIEW,no_structured_data
/chennai/flats-for-rent/,Flats for Rent in Chennai | Verified Rentals | Propertism,Apartments & Flats for Rent in Chennai,Find verified flats for rent in Chennai. Top residential locations with professional tenant services.,https://www.propertism.in/chennai/flats-for-rent/,547,no,5,no,REVIEW,no_structured_data
/hackensack-nj/chennai-flats-for-rent/,"Flats for Rent in Chennai for Hackensack, NJ Residents | Propertism","Trusted Chennai Rental Listings & Agreement Assistance in Hackensack, NJ","Rent verified flats and apartments in Chennai from Hackensack, NJ with professional tenancy support, legal rental agreements, and secure security deposit han...",https://www.propertism.in/hackensack-nj/chennai-flats-for-rent/,547,no,5,yes,REVIEW,no_structured_data
/new-york-usa/chennai-flats-for-rent/,Flats for Rent in Chennai for New York Residents | Propertism,Rent a Flat in Chennai from New York with Managed Tenancy Support,"Rent verified flats and apartments in Chennai from New York with professional tenancy support, legal rental agreements, and secure security deposit handling.",https://www.propertism.in/new-york-usa/chennai-flats-for-rent/,547,no,5,yes,REVIEW,no_structured_data
/san-jose-ca/chennai-flats-for-rent/,"Flats for Rent in Chennai for San Jose, CA Residents | Propertism","Rent a Flat in Chennai from San Jose, CA with Managed Tenancy Support","Rent verified flats and apartments in Chennai from San Jose, CA with professional tenancy support, legal rental agreements, and secure security deposit handl...",https://www.propertism.in/san-jose-ca/chennai-flats-for-rent/,547,no,5,yes,REVIEW,no_structured_data
/dallas-tx/chennai-flats-for-rent/,"Flats for Rent in Chennai for Dallas, TX Residents | Propertism","Rent a Flat in Chennai from Dallas, TX with Managed Tenancy Support","Rent verified flats and apartments in Chennai from Dallas, TX with professional tenancy support, legal rental agreements, and secure security deposit handling.",https://www.propertism.in/dallas-tx/chennai-flats-for-rent/,547,no,5,yes,REVIEW,no_structured_data
/london-uk/chennai-flats-for-rent/,Flats for Rent in Chennai for London Residents | Propertism,End-to-End Tenant Placement & Rental Services in Chennai from London,"Rent verified flats and apartments in Chennai from London with professional tenancy support, legal rental agreements, and secure security deposit handling.",https://www.propertism.in/london-uk/chennai-flats-for-rent/,547,no,5,yes,REVIEW,no_structured_data
/toronto-canada/chennai-flats-for-rent/,Flats for Rent in Chennai for Toronto Residents | Propertism,Trusted Chennai Rental Listings & Agreement Assistance in Toronto,"Rent verified flats and apartments in Chennai from Toronto with professional tenancy support, legal rental agreements, and secure security deposit handling.",https://www.propertism.in/toronto-canada/chennai-flats-for-rent/,547,no,5,yes,REVIEW,no_structured_data
/dubai-uae/chennai-flats-for-rent/,Flats for Rent in Chennai for Dubai Residents | Propertism,Verified Apartments & Flats for Rent in Chennai for Tenants from Dubai,"Rent verified flats and apartments in Chennai from Dubai with professional tenancy support, legal rental agreements, and secure security deposit handling.",https://www.propertism.in/dubai-uae/chennai-flats-for-rent/,547,no,5,yes,REVIEW,no_structured_data
/singapore/chennai-flats-for-rent/,Flats for Rent in Chennai for Singapore Residents | Propertism,Rent a Flat in Chennai from Singapore with Managed Tenancy Support,"Rent verified flats and apartments in Chennai from Singapore with professional tenancy support, legal rental agreements, and secure security deposit handling.",https://www.propertism.in/singapore/chennai-flats-for-rent/,547,no,5,yes,REVIEW,no_structured_data
/sydney-australia/chennai-flats-for-rent/,Flats for Rent in Chennai for Sydney Residents | Propertism,Rent a Flat in Chennai from Sydney with Managed Tenancy Support,"Rent verified flats and apartments in Chennai from Sydney with professional tenancy support, legal rental agreements, and secure security deposit handling.",https://www.propertism.in/sydney-australia/chennai-flats-for-rent/,547,no,5,yes,REVIEW,no_structured_data
/doha-qatar/chennai-flats-for-rent/,Flats for Rent in Chennai for Doha Residents | Propertism,Verified Apartments & Flats for Rent in Chennai for Tenants from Doha,"Rent verified flats and apartments in Chennai from Doha with professional tenancy support, legal rental agreements, and secure security deposit handling.",https://www.propertism.in/doha-qatar/chennai-flats-for-rent/,547,no,5,yes,REVIEW,no_structured_data
/abu-dhabi/chennai-flats-for-rent/,Flats for Rent in Chennai for Abu Dhabi Residents | Propertism,Browse Verified Flats & Apartments for Rent in Chennai from Abu Dhabi,"Rent verified flats and apartments in Chennai from Abu Dhabi with professional tenancy support, legal rental agreements, and secure security deposit handling.",https://www.propertism.in/abu-dhabi/chennai-flats-for-rent/,547,no,5,yes,REVIEW,no_structured_data
/kuwait/chennai-flats-for-rent/,Flats for Rent in Chennai for Kuwait City Residents | Propertism,Verified Apartments & Flats for Rent in Chennai for Tenants from Kuwait City,"Rent verified flats and apartments in Chennai from Kuwait City with professional tenancy support, legal rental agreements, and secure security deposit handling.",https://www.propertism.in/kuwait/chennai-flats-for-rent/,547,no,5,yes,REVIEW,no_structured_data
/saudi/chennai-flats-for-rent/,Flats for Rent in Chennai for Riyadh Residents | Propertism,Browse Verified Flats & Apartments for Rent in Chennai from Riyadh,"Rent verified flats and apartments in Chennai from Riyadh with professional tenancy support, legal rental agreements, and secure security deposit handling.",https://www.propertism.in/saudi/chennai-flats-for-rent/,547,no,5,yes,REVIEW,no_structured_data
/malaysia/chennai-flats-for-rent/,Flats for Rent in Chennai for Kuala Lumpur Residents | Propertism,Rent a Flat in Chennai from Kuala Lumpur with Managed Tenancy Support,"Rent verified flats and apartments in Chennai from Kuala Lumpur with professional tenancy support, legal rental agreements, and secure security deposit handl...",https://www.propertism.in/malaysia/chennai-flats-for-rent/,547,no,5,yes,REVIEW,no_structured_data
/chennai/budget-properties/,Budget Properties in Chennai | Affordable Housing | Propertism,Affordable Homes & Budget Properties in Chennai,Latest pocket-friendly apartments and homes for sale in Chennai. Real estate options for first-time buyers and budget-conscious investors.,https://www.propertism.in/chennai/budget-properties/,542,no,5,no,REVIEW,no_structured_data
/hackensack-nj/chennai-budget-properties/,"Budget Properties in Chennai for Hackensack, NJ Residents | Propertism","Trusted Chennai Budget Apartments for Sale for Buyers in Hackensack, NJ","Affordable homes and budget apartments in Chennai from Hackensack, NJ under 60 lakhs. Verified listings, home loan coordination, and remote purchase assistance.",https://www.propertism.in/hackensack-nj/chennai-budget-properties/,542,no,5,yes,REVIEW,no_structured_data
/new-york-usa/chennai-budget-properties/,Budget Properties in Chennai for New York Residents | Propertism,Invest in Budget-Friendly Real Estate in Chennai from New York,"Affordable homes and budget apartments in Chennai from New York under 60 lakhs. Verified listings, home loan coordination, and remote purchase assistance.",https://www.propertism.in/new-york-usa/chennai-budget-properties/,542,no,5,yes,REVIEW,no_structured_data
/san-jose-ca/chennai-budget-properties/,"Budget Properties in Chennai for San Jose, CA Residents | Propertism","Invest in Budget-Friendly Real Estate in Chennai from San Jose, CA","Affordable homes and budget apartments in Chennai from San Jose, CA under 60 lakhs. Verified listings, home loan coordination, and remote purchase assistance.",https://www.propertism.in/san-jose-ca/chennai-budget-properties/,542,no,5,yes,REVIEW,no_structured_data
/dallas-tx/chennai-budget-properties/,"Budget Properties in Chennai for Dallas, TX Residents | Propertism","Invest in Budget-Friendly Real Estate in Chennai from Dallas, TX","Affordable homes and budget apartments in Chennai from Dallas, TX under 60 lakhs. Verified listings, home loan coordination, and remote purchase assistance.",https://www.propertism.in/dallas-tx/chennai-budget-properties/,542,no,5,yes,REVIEW,no_structured_data
/london-uk/chennai-budget-properties/,Budget Properties in Chennai for London Residents | Propertism,End-to-End Affordable Housing Services in Chennai from London,"Affordable homes and budget apartments in Chennai from London under 60 lakhs. Verified listings, home loan coordination, and remote purchase assistance.",https://www.propertism.in/london-uk/chennai-budget-properties/,542,no,5,yes,REVIEW,no_structured_data
/toronto-canada/chennai-budget-properties/,Budget Properties in Chennai for Toronto Residents | Propertism,Trusted Chennai Budget Apartments for Sale for Buyers in Toronto,"Affordable homes and budget apartments in Chennai from Toronto under 60 lakhs. Verified listings, home loan coordination, and remote purchase assistance.",https://www.propertism.in/toronto-canada/chennai-budget-properties/,542,no,5,yes,REVIEW,no_structured_data
/dubai-uae/chennai-budget-properties/,Budget Properties in Chennai for Dubai Residents | Propertism,Affordable Homes & Budget Properties in Chennai for NRIs in Dubai,"Affordable homes and budget apartments in Chennai from Dubai under 60 lakhs. Verified listings, home loan coordination, and remote purchase assistance.",https://www.propertism.in/dubai-uae/chennai-budget-properties/,542,no,5,yes,REVIEW,no_structured_data
/singapore/chennai-budget-properties/,Budget Properties in Chennai for Singapore Residents | Propertism,Invest in Budget-Friendly Real Estate in Chennai from Singapore,"Affordable homes and budget apartments in Chennai from Singapore under 60 lakhs. Verified listings, home loan coordination, and remote purchase assistance.",https://www.propertism.in/singapore/chennai-budget-properties/,542,no,5,yes,REVIEW,no_structured_data
/sydney-australia/chennai-budget-properties/,Budget Properties in Chennai for Sydney Residents | Propertism,Invest in Budget-Friendly Real Estate in Chennai from Sydney,"Affordable homes and budget apartments in Chennai from Sydney under 60 lakhs. Verified listings, home loan coordination, and remote purchase assistance.",https://www.propertism.in/sydney-australia/chennai-budget-properties/,542,no,5,yes,REVIEW,no_structured_data
/doha-qatar/chennai-budget-properties/,Budget Properties in Chennai for Doha Residents | Propertism,Affordable Homes & Budget Properties in Chennai for NRIs in Doha,"Affordable homes and budget apartments in Chennai from Doha under 60 lakhs. Verified listings, home loan coordination, and remote purchase assistance.",https://www.propertism.in/doha-qatar/chennai-budget-properties/,542,no,5,yes,REVIEW,no_structured_data
/abu-dhabi/chennai-budget-properties/,Budget Properties in Chennai for Abu Dhabi Residents | Propertism,Browse Budget-Friendly Properties in Chennai from Abu Dhabi,"Affordable homes and budget apartments in Chennai from Abu Dhabi under 60 lakhs. Verified listings, home loan coordination, and remote purchase assistance.",https://www.propertism.in/abu-dhabi/chennai-budget-properties/,542,no,5,yes,REVIEW,no_structured_data
/kuwait/chennai-budget-properties/,Budget Properties in Chennai for Kuwait City Residents | Propertism,Affordable Homes & Budget Properties in Chennai for NRIs in Kuwait City,"Affordable homes and budget apartments in Chennai from Kuwait City under 60 lakhs. Verified listings, home loan coordination, and remote purchase assistance.",https://www.propertism.in/kuwait/chennai-budget-properties/,542,no,5,yes,REVIEW,no_structured_data
/saudi/chennai-budget-properties/,Budget Properties in Chennai for Riyadh Residents | Propertism,Browse Budget-Friendly Properties in Chennai from Riyadh,"Affordable homes and budget apartments in Chennai from Riyadh under 60 lakhs. Verified listings, home loan coordination, and remote purchase assistance.",https://www.propertism.in/saudi/chennai-budget-properties/,542,no,5,yes,REVIEW,no_structured_data
/malaysia/chennai-budget-properties/,Budget Properties in Chennai for Kuala Lumpur Residents | Propertism,Invest in Budget-Friendly Real Estate in Chennai from Kuala Lumpur,"Affordable homes and budget apartments in Chennai from Kuala Lumpur under 60 lakhs. Verified listings, home loan coordination, and remote purchase assistance.",https://www.propertism.in/malaysia/chennai-budget-properties/,542,no,5,yes,REVIEW,no_structured_data
/bangalore/nri-sell-property/,Sell Your Property in Bangalore from Abroad | NRI Property Selling Experts | Propertism,Sell Your Property in Bangalore from Abroad,"End-to-end property selling support for NRIs in Bangalore. We handle pricing, buyer coordination, legal documentation, and closure while you stay abroad.",https://www.propertism.in/bangalore/nri-sell-property/,587,yes,9,no,INDEX,
/hackensack-nj/bangalore-nri-sell-property/,"Sell NRI Property in Bangalore for Hackensack, NJ Residents | Propertism","Trusted Bangalore Property Selling for Overseas Owners in Hackensack, NJ","Sell your Bangalore property from Hackensack, NJ with Propertism. We manage pricing, buyer visits, legal vetting, and power of attorney closure without travel.",https://www.propertism.in/hackensack-nj/bangalore-nri-sell-property/,587,yes,9,yes,INDEX,
/new-york-usa/bangalore-nri-sell-property/,Sell NRI Property in Bangalore for New York Residents | Propertism,Sell Your Bangalore Property Seamlessly from New York,"Sell your Bangalore property from New York with Propertism. We manage pricing, buyer visits, legal vetting, and power of attorney closure without travel.",https://www.propertism.in/new-york-usa/bangalore-nri-sell-property/,587,yes,9,yes,INDEX,
/san-jose-ca/bangalore-nri-sell-property/,"Sell NRI Property in Bangalore for San Jose, CA Residents | Propertism","Sell Your Bangalore Property Seamlessly from San Jose, CA","Sell your Bangalore property from San Jose, CA with Propertism. We manage pricing, buyer visits, legal vetting, and power of attorney closure without travel.",https://www.propertism.in/san-jose-ca/bangalore-nri-sell-property/,587,yes,9,yes,INDEX,
/dallas-tx/bangalore-nri-sell-property/,"Sell NRI Property in Bangalore for Dallas, TX Residents | Propertism","Sell Your Bangalore Property Seamlessly from Dallas, TX","Sell your Bangalore property from Dallas, TX with Propertism. We manage pricing, buyer visits, legal vetting, and power of attorney closure without travel.",https://www.propertism.in/dallas-tx/bangalore-nri-sell-property/,587,yes,9,yes,INDEX,
/london-uk/bangalore-nri-sell-property/,Sell NRI Property in Bangalore for London Residents | Propertism,End-to-End NRI Property Sale & Exit in Bangalore from London,"Sell your Bangalore property from London with Propertism. We manage pricing, buyer visits, legal vetting, and power of attorney closure without travel.",https://www.propertism.in/london-uk/bangalore-nri-sell-property/,587,yes,9,yes,INDEX,
/toronto-canada/bangalore-nri-sell-property/,Sell NRI Property in Bangalore for Toronto Residents | Propertism,Trusted Bangalore Property Selling for Overseas Owners in Toronto,"Sell your Bangalore property from Toronto with Propertism. We manage pricing, buyer visits, legal vetting, and power of attorney closure without travel.",https://www.propertism.in/toronto-canada/bangalore-nri-sell-property/,587,yes,9,yes,INDEX,
/dubai-uae/bangalore-nri-sell-property/,Sell NRI Property in Bangalore for Dubai Residents | Propertism,Professional NRI Property Sale Services in Bangalore for Clients in Dubai,"Sell your Bangalore property from Dubai with Propertism. We manage pricing, buyer visits, legal vetting, and power of attorney closure without travel.",https://www.propertism.in/dubai-uae/bangalore-nri-sell-property/,587,yes,9,yes,INDEX,
/singapore/bangalore-nri-sell-property/,Sell NRI Property in Bangalore for Singapore Residents | Propertism,Sell Your Bangalore Property Seamlessly from Singapore,"Sell your Bangalore property from Singapore with Propertism. We manage pricing, buyer visits, legal vetting, and power of attorney closure without travel.",https://www.propertism.in/singapore/bangalore-nri-sell-property/,587,yes,9,yes,INDEX,
/sydney-australia/bangalore-nri-sell-property/,Sell NRI Property in Bangalore for Sydney Residents | Propertism,Sell Your Bangalore Property Seamlessly from Sydney,"Sell your Bangalore property from Sydney with Propertism. We manage pricing, buyer visits, legal vetting, and power of attorney closure without travel.",https://www.propertism.in/sydney-australia/bangalore-nri-sell-property/,587,yes,9,yes,INDEX,
/doha-qatar/bangalore-nri-sell-property/,Sell NRI Property in Bangalore for Doha Residents | Propertism,Professional NRI Property Sale Services in Bangalore for Clients in Doha,"Sell your Bangalore property from Doha with Propertism. We manage pricing, buyer visits, legal vetting, and power of attorney closure without travel.",https://www.propertism.in/doha-qatar/bangalore-nri-sell-property/,587,yes,9,yes,INDEX,
/abu-dhabi/bangalore-nri-sell-property/,Sell NRI Property in Bangalore for Abu Dhabi Residents | Propertism,Protect and Sell Your Bangalore Assets from Abu Dhabi Cleanly,"Sell your Bangalore property from Abu Dhabi with Propertism. We manage pricing, buyer visits, legal vetting, and power of attorney closure without travel.",https://www.propertism.in/abu-dhabi/bangalore-nri-sell-property/,587,yes,9,yes,INDEX,
/kuwait/bangalore-nri-sell-property/,Sell NRI Property in Bangalore for Kuwait City Residents | Propertism,Professional NRI Property Sale Services in Bangalore for Clients in Kuwait City,"Sell your Bangalore property from Kuwait City with Propertism. We manage pricing, buyer visits, legal vetting, and power of attorney closure without travel.",https://www.propertism.in/kuwait/bangalore-nri-sell-property/,587,yes,9,yes,INDEX,
/saudi/bangalore-nri-sell-property/,Sell NRI Property in Bangalore for Riyadh Residents | Propertism,Protect and Sell Your Bangalore Assets from Riyadh Cleanly,"Sell your Bangalore property from Riyadh with Propertism. We manage pricing, buyer visits, legal vetting, and power of attorney closure without travel.",https://www.propertism.in/saudi/bangalore-nri-sell-property/,587,yes,9,yes,INDEX,
/malaysia/bangalore-nri-sell-property/,Sell NRI Property in Bangalore for Kuala Lumpur Residents | Propertism,Sell Your Bangalore Property Seamlessly from Kuala Lumpur,"Sell your Bangalore property from Kuala Lumpur with Propertism. We manage pricing, buyer visits, legal vetting, and power of attorney closure without travel.",https://www.propertism.in/malaysia/bangalore-nri-sell-property/,587,yes,9,yes,INDEX,
/bangalore/nri-property-management/,NRI Property Management in Bangalore | Trusted Remote Property Care | Propertism,NRI Property Management Services in Bangalore,"Complete property management for NRIs in Bangalore. We handle tenants, rent collection, inspections, compliance, and local coordination while you stay abroad.",https://www.propertism.in/bangalore/nri-property-management/,558,yes,5,no,INDEX,
/hackensack-nj/bangalore-nri-property-management/,"NRI Property Management in Bangalore for Hackensack, NJ Residents | Propertism","Trusted Bangalore Property Care for Overseas Owners in Hackensack, NJ","Manage your Bangalore property from Hackensack, NJ with Propertism's end-to-end services. We handle inspections, tenant care, maintenance, and monthly updates.",https://www.propertism.in/hackensack-nj/bangalore-nri-property-management/,558,yes,5,yes,INDEX,
/new-york-usa/bangalore-nri-property-management/,NRI Property Management in Bangalore for New York Residents | Propertism,Manage Your Bangalore Property Seamlessly from New York,"Manage your Bangalore property from New York with Propertism's end-to-end services. We handle inspections, tenant care, maintenance, and monthly updates.",https://www.propertism.in/new-york-usa/bangalore-nri-property-management/,558,yes,5,yes,INDEX,
/san-jose-ca/bangalore-nri-property-management/,"NRI Property Management in Bangalore for San Jose, CA Residents | Propertism","Manage Your Bangalore Property Seamlessly from San Jose, CA","Manage your Bangalore property from San Jose, CA with Propertism's end-to-end services. We handle inspections, tenant care, maintenance, and monthly updates.",https://www.propertism.in/san-jose-ca/bangalore-nri-property-management/,558,yes,5,yes,INDEX,
/dallas-tx/bangalore-nri-property-management/,"NRI Property Management in Bangalore for Dallas, TX Residents | Propertism","Manage Your Bangalore Property Seamlessly from Dallas, TX","Manage your Bangalore property from Dallas, TX with Propertism's end-to-end services. We handle inspections, tenant care, maintenance, and monthly updates.",https://www.propertism.in/dallas-tx/bangalore-nri-property-management/,558,yes,5,yes,INDEX,
/london-uk/bangalore-nri-property-management/,NRI Property Management in Bangalore for London Residents | Propertism,End-to-End NRI Property Care Services in Bangalore from London,"Manage your Bangalore property from London with Propertism's end-to-end services. We handle inspections, tenant care, maintenance, and monthly updates.",https://www.propertism.in/london-uk/bangalore-nri-property-management/,558,yes,5,yes,INDEX,
/toronto-canada/bangalore-nri-property-management/,NRI Property Management in Bangalore for Toronto Residents | Propertism,Trusted Bangalore Property Care for Overseas Owners in Toronto,"Manage your Bangalore property from Toronto with Propertism's end-to-end services. We handle inspections, tenant care, maintenance, and monthly updates.",https://www.propertism.in/toronto-canada/bangalore-nri-property-management/,558,yes,5,yes,INDEX,
/dubai-uae/bangalore-nri-property-management/,NRI Property Management in Bangalore for Dubai Residents | Propertism,Professional NRI Property Management Services in Bangalore for Owners in Dubai,"Manage your Bangalore property from Dubai with Propertism's end-to-end services. We handle inspections, tenant care, maintenance, and monthly updates.",https://www.propertism.in/dubai-uae/bangalore-nri-property-management/,558,yes,5,yes,INDEX,
/singapore/bangalore-nri-property-management/,NRI Property Management in Bangalore for Singapore Residents | Propertism,Manage Your Bangalore Property Seamlessly from Singapore,"Manage your Bangalore property from Singapore with Propertism's end-to-end services. We handle inspections, tenant care, maintenance, and monthly updates.",https://www.propertism.in/singapore/bangalore-nri-property-management/,558,yes,5,yes,INDEX,
/sydney-australia/bangalore-nri-property-management/,NRI Property Management in Bangalore for Sydney Residents | Propertism,Manage Your Bangalore Property Seamlessly from Sydney,"Manage your Bangalore property from Sydney with Propertism's end-to-end services. We handle inspections, tenant care, maintenance, and monthly updates.",https://www.propertism.in/sydney-australia/bangalore-nri-property-management/,558,yes,5,yes,INDEX,
/doha-qatar/bangalore-nri-property-management/,NRI Property Management in Bangalore for Doha Residents | Propertism,Professional NRI Property Management Services in Bangalore for Owners in Doha,"Manage your Bangalore property from Doha with Propertism's end-to-end services. We handle inspections, tenant care, maintenance, and monthly updates.",https://www.propertism.in/doha-qatar/bangalore-nri-property-management/,558,yes,5,yes,INDEX,
/abu-dhabi/bangalore-nri-property-management/,NRI Property Management in Bangalore for Abu Dhabi Residents | Propertism,Protect and Manage Your Bangalore Assets from Abu Dhabi,"Manage your Bangalore property from Abu Dhabi with Propertism's end-to-end services. We handle inspections, tenant care, maintenance, and monthly updates.",https://www.propertism.in/abu-dhabi/bangalore-nri-property-management/,558,yes,5,yes,INDEX,
/kuwait/bangalore-nri-property-management/,NRI Property Management in Bangalore for Kuwait City Residents | Propertism,Professional NRI Property Management Services in Bangalore for Owners in Kuwait City,"Manage your Bangalore property from Kuwait City with Propertism's end-to-end services. We handle inspections, tenant care, maintenance, and monthly updates.",https://www.propertism.in/kuwait/bangalore-nri-property-management/,558,yes,5,yes,INDEX,
/saudi/bangalore-nri-property-management/,NRI Property Management in Bangalore for Riyadh Residents | Propertism,Protect and Manage Your Bangalore Assets from Riyadh,"Manage your Bangalore property from Riyadh with Propertism's end-to-end services. We handle inspections, tenant care, maintenance, and monthly updates.",https://www.propertism.in/saudi/bangalore-nri-property-management/,558,yes,5,yes,INDEX,
/malaysia/bangalore-nri-property-management/,NRI Property Management in Bangalore for Kuala Lumpur Residents | Propertism,Manage Your Bangalore Property Seamlessly from Kuala Lumpur,"Manage your Bangalore property from Kuala Lumpur with Propertism's end-to-end services. We handle inspections, tenant care, maintenance, and monthly updates.",https://www.propertism.in/malaysia/bangalore-nri-property-management/,558,yes,5,yes,INDEX,
/bangalore/nri-rental-management/,"NRI Rental Management in Bangalore | Tenants, Agreements, Rent Collection | Propertism",NRI Rental Management Services in Bangalore,"Rent out and manage your property in Bangalore without travel. We handle tenant sourcing, documentation, rent collection, and move-out coordination for NRIs.",https://www.propertism.in/bangalore/nri-rental-management/,554,yes,5,no,INDEX,
/hackensack-nj/bangalore-nri-rental-management/,"NRI Rental Management in Bangalore for Hackensack, NJ Residents | Propertism","Trusted Bangalore Tenant Placement for Overseas Landlords in Hackensack, NJ","Rent out your Bangalore property from Hackensack, NJ seamlessly. Propertism handles tenant screening, rental documentation, registered agreements, and rent c...",https://www.propertism.in/hackensack-nj/bangalore-nri-rental-management/,554,yes,5,yes,INDEX,
/new-york-usa/bangalore-nri-rental-management/,NRI Rental Management in Bangalore for New York Residents | Propertism,Rent Out Your Bangalore Property Seamlessly from New York,"Rent out your Bangalore property from New York seamlessly. Propertism handles tenant screening, rental documentation, registered agreements, and rent collect...",https://www.propertism.in/new-york-usa/bangalore-nri-rental-management/,554,yes,5,yes,INDEX,
/san-jose-ca/bangalore-nri-rental-management/,"NRI Rental Management in Bangalore for San Jose, CA Residents | Propertism","Rent Out Your Bangalore Property Seamlessly from San Jose, CA","Rent out your Bangalore property from San Jose, CA seamlessly. Propertism handles tenant screening, rental documentation, registered agreements, and rent col...",https://www.propertism.in/san-jose-ca/bangalore-nri-rental-management/,554,yes,5,yes,INDEX,
/dallas-tx/bangalore-nri-rental-management/,"NRI Rental Management in Bangalore for Dallas, TX Residents | Propertism","Rent Out Your Bangalore Property Seamlessly from Dallas, TX","Rent out your Bangalore property from Dallas, TX seamlessly. Propertism handles tenant screening, rental documentation, registered agreements, and rent colle...",https://www.propertism.in/dallas-tx/bangalore-nri-rental-management/,554,yes,5,yes,INDEX,
/london-uk/bangalore-nri-rental-management/,NRI Rental Management in Bangalore for London Residents | Propertism,End-to-End NRI Rental Oversight in Bangalore from London,"Rent out your Bangalore property from London seamlessly. Propertism handles tenant screening, rental documentation, registered agreements, and rent collection.",https://www.propertism.in/london-uk/bangalore-nri-rental-management/,554,yes,5,yes,INDEX,
/toronto-canada/bangalore-nri-rental-management/,NRI Rental Management in Bangalore for Toronto Residents | Propertism,Trusted Bangalore Tenant Placement for Overseas Landlords in Toronto,"Rent out your Bangalore property from Toronto seamlessly. Propertism handles tenant screening, rental documentation, registered agreements, and rent collection.",https://www.propertism.in/toronto-canada/bangalore-nri-rental-management/,554,yes,5,yes,INDEX,
/dubai-uae/bangalore-nri-rental-management/,NRI Rental Management in Bangalore for Dubai Residents | Propertism,Professional NRI Rental Management Services in Bangalore for Landlords in Dubai,"Rent out your Bangalore property from Dubai seamlessly. Propertism handles tenant screening, rental documentation, registered agreements, and rent collection.",https://www.propertism.in/dubai-uae/bangalore-nri-rental-management/,554,yes,5,yes,INDEX,
/singapore/bangalore-nri-rental-management/,NRI Rental Management in Bangalore for Singapore Residents | Propertism,Rent Out Your Bangalore Property Seamlessly from Singapore,"Rent out your Bangalore property from Singapore seamlessly. Propertism handles tenant screening, rental documentation, registered agreements, and rent collec...",https://www.propertism.in/singapore/bangalore-nri-rental-management/,554,yes,5,yes,INDEX,
/sydney-australia/bangalore-nri-rental-management/,NRI Rental Management in Bangalore for Sydney Residents | Propertism,Rent Out Your Bangalore Property Seamlessly from Sydney,"Rent out your Bangalore property from Sydney seamlessly. Propertism handles tenant screening, rental documentation, registered agreements, and rent collection.",https://www.propertism.in/sydney-australia/bangalore-nri-rental-management/,554,yes,5,yes,INDEX,
/doha-qatar/bangalore-nri-rental-management/,NRI Rental Management in Bangalore for Doha Residents | Propertism,Professional NRI Rental Management Services in Bangalore for Landlords in Doha,"Rent out your Bangalore property from Doha seamlessly. Propertism handles tenant screening, rental documentation, registered agreements, and rent collection.",https://www.propertism.in/doha-qatar/bangalore-nri-rental-management/,554,yes,5,yes,INDEX,
/abu-dhabi/bangalore-nri-rental-management/,NRI Rental Management in Bangalore for Abu Dhabi Residents | Propertism,Maximize and Manage Your Bangalore Rental Income from Abu Dhabi,"Rent out your Bangalore property from Abu Dhabi seamlessly. Propertism handles tenant screening, rental documentation, registered agreements, and rent collec...",https://www.propertism.in/abu-dhabi/bangalore-nri-rental-management/,554,yes,5,yes,INDEX,
/kuwait/bangalore-nri-rental-management/,NRI Rental Management in Bangalore for Kuwait City Residents | Propertism,Professional NRI Rental Management Services in Bangalore for Landlords in Kuwait City,"Rent out your Bangalore property from Kuwait City seamlessly. Propertism handles tenant screening, rental documentation, registered agreements, and rent coll...",https://www.propertism.in/kuwait/bangalore-nri-rental-management/,554,yes,5,yes,INDEX,
/saudi/bangalore-nri-rental-management/,NRI Rental Management in Bangalore for Riyadh Residents | Propertism,Maximize and Manage Your Bangalore Rental Income from Riyadh,"Rent out your Bangalore property from Riyadh seamlessly. Propertism handles tenant screening, rental documentation, registered agreements, and rent collection.",https://www.propertism.in/saudi/bangalore-nri-rental-management/,554,yes,5,yes,INDEX,
/malaysia/bangalore-nri-rental-management/,NRI Rental Management in Bangalore for Kuala Lumpur Residents | Propertism,Rent Out Your Bangalore Property Seamlessly from Kuala Lumpur,"Rent out your Bangalore property from Kuala Lumpur seamlessly. Propertism handles tenant screening, rental documentation, registered agreements, and rent col...",https://www.propertism.in/malaysia/bangalore-nri-rental-management/,554,yes,5,yes,INDEX,
/bangalore/nri-property-maintenance/,NRI Property Maintenance in Bangalore | End-to-End Property Care | Propertism,NRI Property Maintenance & Upkeep in Bangalore,"Keep your property in Bangalore safe and maintained while you live abroad. Regular inspections, repairs, and vendor coordination handled for NRIs.",https://www.propertism.in/bangalore/nri-property-maintenance/,551,yes,5,no,INDEX,
/hackensack-nj/bangalore-nri-property-maintenance/,"NRI Property Maintenance in Bangalore for Hackensack, NJ Residents | Propertism","Trusted Bangalore Property Inspections & Upkeep for NRIs in Hackensack, NJ","Protect your Bangalore property from Hackensack, NJ with scheduled inspections, professional repairs, monsoon prep, and verified photo-documented vendor upda...",https://www.propertism.in/hackensack-nj/bangalore-nri-property-maintenance/,551,yes,5,yes,INDEX,
/new-york-usa/bangalore-nri-property-maintenance/,NRI Property Maintenance in Bangalore for New York Residents | Propertism,Maintain Your Bangalore Property Seamlessly from New York,"Protect your Bangalore property from New York with scheduled inspections, professional repairs, monsoon prep, and verified photo-documented vendor updates.",https://www.propertism.in/new-york-usa/bangalore-nri-property-maintenance/,551,yes,5,yes,INDEX,
/san-jose-ca/bangalore-nri-property-maintenance/,"NRI Property Maintenance in Bangalore for San Jose, CA Residents | Propertism","Maintain Your Bangalore Property Seamlessly from San Jose, CA","Protect your Bangalore property from San Jose, CA with scheduled inspections, professional repairs, monsoon prep, and verified photo-documented vendor updates.",https://www.propertism.in/san-jose-ca/bangalore-nri-property-maintenance/,551,yes,5,yes,INDEX,
/dallas-tx/bangalore-nri-property-maintenance/,"NRI Property Maintenance in Bangalore for Dallas, TX Residents | Propertism","Maintain Your Bangalore Property Seamlessly from Dallas, TX","Protect your Bangalore property from Dallas, TX with scheduled inspections, professional repairs, monsoon prep, and verified photo-documented vendor updates.",https://www.propertism.in/dallas-tx/bangalore-nri-property-maintenance/,551,yes,5,yes,INDEX,
/london-uk/bangalore-nri-property-maintenance/,NRI Property Maintenance in Bangalore for London Residents | Propertism,End-to-End NRI Property Maintenance in Bangalore from London,"Protect your Bangalore property from London with scheduled inspections, professional repairs, monsoon prep, and verified photo-documented vendor updates.",https://www.propertism.in/london-uk/bangalore-nri-property-maintenance/,551,yes,5,yes,INDEX,
/toronto-canada/bangalore-nri-property-maintenance/,NRI Property Maintenance in Bangalore for Toronto Residents | Propertism,Trusted Bangalore Property Inspections & Upkeep for NRIs in Toronto,"Protect your Bangalore property from Toronto with scheduled inspections, professional repairs, monsoon prep, and verified photo-documented vendor updates.",https://www.propertism.in/toronto-canada/bangalore-nri-property-maintenance/,551,yes,5,yes,INDEX,
/dubai-uae/bangalore-nri-property-maintenance/,NRI Property Maintenance in Bangalore for Dubai Residents | Propertism,Professional NRI Property Maintenance & Upkeep in Bangalore for Owners in Dubai,"Protect your Bangalore property from Dubai with scheduled inspections, professional repairs, monsoon prep, and verified photo-documented vendor updates.",https://www.propertism.in/dubai-uae/bangalore-nri-property-maintenance/,551,yes,5,yes,INDEX,
/singapore/bangalore-nri-property-maintenance/,NRI Property Maintenance in Bangalore for Singapore Residents | Propertism,Maintain Your Bangalore Property Seamlessly from Singapore,"Protect your Bangalore property from Singapore with scheduled inspections, professional repairs, monsoon prep, and verified photo-documented vendor updates.",https://www.propertism.in/singapore/bangalore-nri-property-maintenance/,551,yes,5,yes,INDEX,
/sydney-australia/bangalore-nri-property-maintenance/,NRI Property Maintenance in Bangalore for Sydney Residents | Propertism,Maintain Your Bangalore Property Seamlessly from Sydney,"Protect your Bangalore property from Sydney with scheduled inspections, professional repairs, monsoon prep, and verified photo-documented vendor updates.",https://www.propertism.in/sydney-australia/bangalore-nri-property-maintenance/,551,yes,5,yes,INDEX,
/doha-qatar/bangalore-nri-property-maintenance/,NRI Property Maintenance in Bangalore for Doha Residents | Propertism,Professional NRI Property Maintenance & Upkeep in Bangalore for Owners in Doha,"Protect your Bangalore property from Doha with scheduled inspections, professional repairs, monsoon prep, and verified photo-documented vendor updates.",https://www.propertism.in/doha-qatar/bangalore-nri-property-maintenance/,551,yes,5,yes,INDEX,
/abu-dhabi/bangalore-nri-property-maintenance/,NRI Property Maintenance in Bangalore for Abu Dhabi Residents | Propertism,Protect and Secure Your Bangalore Property from Abu Dhabi,"Protect your Bangalore property from Abu Dhabi with scheduled inspections, professional repairs, monsoon prep, and verified photo-documented vendor updates.",https://www.propertism.in/abu-dhabi/bangalore-nri-property-maintenance/,551,yes,5,yes,INDEX,
/kuwait/bangalore-nri-property-maintenance/,NRI Property Maintenance in Bangalore for Kuwait City Residents | Propertism,Professional NRI Property Maintenance & Upkeep in Bangalore for Owners in Kuwait City,"Protect your Bangalore property from Kuwait City with scheduled inspections, professional repairs, monsoon prep, and verified photo-documented vendor updates.",https://www.propertism.in/kuwait/bangalore-nri-property-maintenance/,551,yes,5,yes,INDEX,
/saudi/bangalore-nri-property-maintenance/,NRI Property Maintenance in Bangalore for Riyadh Residents | Propertism,Protect and Secure Your Bangalore Property from Riyadh,"Protect your Bangalore property from Riyadh with scheduled inspections, professional repairs, monsoon prep, and verified photo-documented vendor updates.",https://www.propertism.in/saudi/bangalore-nri-property-maintenance/,551,yes,5,yes,INDEX,
/malaysia/bangalore-nri-property-maintenance/,NRI Property Maintenance in Bangalore for Kuala Lumpur Residents | Propertism,Maintain Your Bangalore Property Seamlessly from Kuala Lumpur,"Protect your Bangalore property from Kuala Lumpur with scheduled inspections, professional repairs, monsoon prep, and verified photo-documented vendor updates.",https://www.propertism.in/malaysia/bangalore-nri-property-maintenance/,551,yes,5,yes,INDEX,
/bangalore/manage-property-from-abroad/,How to Manage Property in Bangalore While Living Abroad | NRI Guide | Propertism,How to Manage Property in Bangalore While Living Abroad,"Practical guidance for NRIs managing property in Bangalore from abroad. Learn how to handle maintenance, tenants, selling, and local execution without constant ",https://www.propertism.in/bangalore/manage-property-from-abroad/,569,yes,5,no,INDEX,
/hackensack-nj/bangalore-manage-property-from-abroad/,"Remote Property Management in Bangalore for Hackensack, NJ Residents | Propertism","Expert NRI Property Guidance for Residents in Hackensack, NJ | Bangalore","How to manage your Bangalore property from Hackensack, NJ. Practical remote guide covering maintenance, tenant handling, legal compliance, and trusted local ...",https://www.propertism.in/hackensack-nj/bangalore-manage-property-from-abroad/,569,yes,5,yes,INDEX,
/new-york-usa/bangalore-manage-property-from-abroad/,Remote Property Management in Bangalore for New York Residents | Propertism,Manage Your Bangalore Property Remotely from New York,"How to manage your Bangalore property from New York. Practical remote guide covering maintenance, tenant handling, legal compliance, and trusted local partners.",https://www.propertism.in/new-york-usa/bangalore-manage-property-from-abroad/,569,yes,5,yes,INDEX,
/san-jose-ca/bangalore-manage-property-from-abroad/,"Remote Property Management in Bangalore for San Jose, CA Residents | Propertism","Manage Your Bangalore Property Remotely from San Jose, CA","How to manage your Bangalore property from San Jose, CA. Practical remote guide covering maintenance, tenant handling, legal compliance, and trusted local pa...",https://www.propertism.in/san-jose-ca/bangalore-manage-property-from-abroad/,569,yes,5,yes,INDEX,
/dallas-tx/bangalore-manage-property-from-abroad/,"Remote Property Management in Bangalore for Dallas, TX Residents | Propertism","Manage Your Bangalore Property Remotely from Dallas, TX","How to manage your Bangalore property from Dallas, TX. Practical remote guide covering maintenance, tenant handling, legal compliance, and trusted local part...",https://www.propertism.in/dallas-tx/bangalore-manage-property-from-abroad/,569,yes,5,yes,INDEX,
/london-uk/bangalore-manage-property-from-abroad/,Remote Property Management in Bangalore for London Residents | Propertism,Remote Property Control and Management in Bangalore for NRIs in London,"How to manage your Bangalore property from London. Practical remote guide covering maintenance, tenant handling, legal compliance, and trusted local partners.",https://www.propertism.in/london-uk/bangalore-manage-property-from-abroad/,569,yes,5,yes,INDEX,
/toronto-canada/bangalore-manage-property-from-abroad/,Remote Property Management in Bangalore for Toronto Residents | Propertism,Expert NRI Property Guidance for Residents in Toronto | Bangalore,"How to manage your Bangalore property from Toronto. Practical remote guide covering maintenance, tenant handling, legal compliance, and trusted local partners.",https://www.propertism.in/toronto-canada/bangalore-manage-property-from-abroad/,569,yes,5,yes,INDEX,
/dubai-uae/bangalore-manage-property-from-abroad/,Remote Property Management in Bangalore for Dubai Residents | Propertism,Practical Guide: How to Manage Property in Bangalore from Dubai,"How to manage your Bangalore property from Dubai. Practical remote guide covering maintenance, tenant handling, legal compliance, and trusted local partners.",https://www.propertism.in/dubai-uae/bangalore-manage-property-from-abroad/,569,yes,5,yes,INDEX,
/singapore/bangalore-manage-property-from-abroad/,Remote Property Management in Bangalore for Singapore Residents | Propertism,Manage Your Bangalore Property Remotely from Singapore,"How to manage your Bangalore property from Singapore. Practical remote guide covering maintenance, tenant handling, legal compliance, and trusted local partn...",https://www.propertism.in/singapore/bangalore-manage-property-from-abroad/,569,yes,5,yes,INDEX,
/sydney-australia/bangalore-manage-property-from-abroad/,Remote Property Management in Bangalore for Sydney Residents | Propertism,Manage Your Bangalore Property Remotely from Sydney,"How to manage your Bangalore property from Sydney. Practical remote guide covering maintenance, tenant handling, legal compliance, and trusted local partners.",https://www.propertism.in/sydney-australia/bangalore-manage-property-from-abroad/,569,yes,5,yes,INDEX,
/doha-qatar/bangalore-manage-property-from-abroad/,Remote Property Management in Bangalore for Doha Residents | Propertism,Practical Guide: How to Manage Property in Bangalore from Doha,"How to manage your Bangalore property from Doha. Practical remote guide covering maintenance, tenant handling, legal compliance, and trusted local partners.",https://www.propertism.in/doha-qatar/bangalore-manage-property-from-abroad/,569,yes,5,yes,INDEX,
/abu-dhabi/bangalore-manage-property-from-abroad/,Remote Property Management in Bangalore for Abu Dhabi Residents | Propertism,Solve Your Bangalore Property Challenges from Abu Dhabi,"How to manage your Bangalore property from Abu Dhabi. Practical remote guide covering maintenance, tenant handling, legal compliance, and trusted local partn...",https://www.propertism.in/abu-dhabi/bangalore-manage-property-from-abroad/,569,yes,5,yes,INDEX,
/kuwait/bangalore-manage-property-from-abroad/,Remote Property Management in Bangalore for Kuwait City Residents | Propertism,Practical Guide: How to Manage Property in Bangalore from Kuwait City,"How to manage your Bangalore property from Kuwait City. Practical remote guide covering maintenance, tenant handling, legal compliance, and trusted local par...",https://www.propertism.in/kuwait/bangalore-manage-property-from-abroad/,569,yes,5,yes,INDEX,
/saudi/bangalore-manage-property-from-abroad/,Remote Property Management in Bangalore for Riyadh Residents | Propertism,Solve Your Bangalore Property Challenges from Riyadh,"How to manage your Bangalore property from Riyadh. Practical remote guide covering maintenance, tenant handling, legal compliance, and trusted local partners.",https://www.propertism.in/saudi/bangalore-manage-property-from-abroad/,569,yes,5,yes,INDEX,
/malaysia/bangalore-manage-property-from-abroad/,Remote Property Management in Bangalore for Kuala Lumpur Residents | Propertism,Manage Your Bangalore Property Remotely from Kuala Lumpur,"How to manage your Bangalore property from Kuala Lumpur. Practical remote guide covering maintenance, tenant handling, legal compliance, and trusted local pa...",https://www.propertism.in/malaysia/bangalore-manage-property-from-abroad/,569,yes,5,yes,INDEX,
/bangalore/nri-property-legal-support/,NRI Property Legal Support in Bangalore | Documentation & Compliance Help | Propertism,NRI Property Legal Support in Bangalore,"Legal and documentation guidance for NRIs with property in Bangalore. Understand ownership, compliance, and safe closure without repeated travel.",https://www.propertism.in/bangalore/nri-property-legal-support/,550,yes,5,no,INDEX,
/hackensack-nj/bangalore-nri-property-legal-support/,"NRI Property Legal Support in Bangalore for Hackensack, NJ Residents | Propertism","Trusted Bangalore Legal Documentation Support for NRIs in Hackensack, NJ","Coordinate Bangalore property legal clearance from Hackensack, NJ. Propertism assists with title deeds search, document verification, registration, and compl...",https://www.propertism.in/hackensack-nj/bangalore-nri-property-legal-support/,550,yes,5,yes,INDEX,
/new-york-usa/bangalore-nri-property-legal-support/,NRI Property Legal Support in Bangalore for New York Residents | Propertism,Handle Your Bangalore Property Legal Vetting from New York,"Coordinate Bangalore property legal clearance from New York. Propertism assists with title deeds search, document verification, registration, and compliance.",https://www.propertism.in/new-york-usa/bangalore-nri-property-legal-support/,550,yes,5,yes,INDEX,
/san-jose-ca/bangalore-nri-property-legal-support/,"NRI Property Legal Support in Bangalore for San Jose, CA Residents | Propertism","Handle Your Bangalore Property Legal Vetting from San Jose, CA","Coordinate Bangalore property legal clearance from San Jose, CA. Propertism assists with title deeds search, document verification, registration, and complia...",https://www.propertism.in/san-jose-ca/bangalore-nri-property-legal-support/,550,yes,5,yes,INDEX,
/dallas-tx/bangalore-nri-property-legal-support/,"NRI Property Legal Support in Bangalore for Dallas, TX Residents | Propertism","Handle Your Bangalore Property Legal Vetting from Dallas, TX","Coordinate Bangalore property legal clearance from Dallas, TX. Propertism assists with title deeds search, document verification, registration, and compliance.",https://www.propertism.in/dallas-tx/bangalore-nri-property-legal-support/,550,yes,5,yes,INDEX,
/london-uk/bangalore-nri-property-legal-support/,NRI Property Legal Support in Bangalore for London Residents | Propertism,End-to-End NRI Property Legal Verification in Bangalore from London,"Coordinate Bangalore property legal clearance from London. Propertism assists with title deeds search, document verification, registration, and compliance.",https://www.propertism.in/london-uk/bangalore-nri-property-legal-support/,550,yes,5,yes,INDEX,
/toronto-canada/bangalore-nri-property-legal-support/,NRI Property Legal Support in Bangalore for Toronto Residents | Propertism,Trusted Bangalore Legal Documentation Support for NRIs in Toronto,"Coordinate Bangalore property legal clearance from Toronto. Propertism assists with title deeds search, document verification, registration, and compliance.",https://www.propertism.in/toronto-canada/bangalore-nri-property-legal-support/,550,yes,5,yes,INDEX,
/dubai-uae/bangalore-nri-property-legal-support/,NRI Property Legal Support in Bangalore for Dubai Residents | Propertism,Professional NRI Property Legal Support in Bangalore for Clients in Dubai,"Coordinate Bangalore property legal clearance from Dubai. Propertism assists with title deeds search, document verification, registration, and compliance.",https://www.propertism.in/dubai-uae/bangalore-nri-property-legal-support/,550,yes,5,yes,INDEX,
/singapore/bangalore-nri-property-legal-support/,NRI Property Legal Support in Bangalore for Singapore Residents | Propertism,Handle Your Bangalore Property Legal Vetting from Singapore,"Coordinate Bangalore property legal clearance from Singapore. Propertism assists with title deeds search, document verification, registration, and compliance.",https://www.propertism.in/singapore/bangalore-nri-property-legal-support/,550,yes,5,yes,INDEX,
/sydney-australia/bangalore-nri-property-legal-support/,NRI Property Legal Support in Bangalore for Sydney Residents | Propertism,Handle Your Bangalore Property Legal Vetting from Sydney,"Coordinate Bangalore property legal clearance from Sydney. Propertism assists with title deeds search, document verification, registration, and compliance.",https://www.propertism.in/sydney-australia/bangalore-nri-property-legal-support/,550,yes,5,yes,INDEX,
/doha-qatar/bangalore-nri-property-legal-support/,NRI Property Legal Support in Bangalore for Doha Residents | Propertism,Professional NRI Property Legal Support in Bangalore for Clients in Doha,"Coordinate Bangalore property legal clearance from Doha. Propertism assists with title deeds search, document verification, registration, and compliance.",https://www.propertism.in/doha-qatar/bangalore-nri-property-legal-support/,550,yes,5,yes,INDEX,
/abu-dhabi/bangalore-nri-property-legal-support/,NRI Property Legal Support in Bangalore for Abu Dhabi Residents | Propertism,Secure and Verify Your Bangalore Property Documents from Abu Dhabi,"Coordinate Bangalore property legal clearance from Abu Dhabi. Propertism assists with title deeds search, document verification, registration, and compliance.",https://www.propertism.in/abu-dhabi/bangalore-nri-property-legal-support/,550,yes,5,yes,INDEX,
/kuwait/bangalore-nri-property-legal-support/,NRI Property Legal Support in Bangalore for Kuwait City Residents | Propertism,Professional NRI Property Legal Support in Bangalore for Clients in Kuwait City,"Coordinate Bangalore property legal clearance from Kuwait City. Propertism assists with title deeds search, document verification, registration, and compliance.",https://www.propertism.in/kuwait/bangalore-nri-property-legal-support/,550,yes,5,yes,INDEX,
/saudi/bangalore-nri-property-legal-support/,NRI Property Legal Support in Bangalore for Riyadh Residents | Propertism,Secure and Verify Your Bangalore Property Documents from Riyadh,"Coordinate Bangalore property legal clearance from Riyadh. Propertism assists with title deeds search, document verification, registration, and compliance.",https://www.propertism.in/saudi/bangalore-nri-property-legal-support/,550,yes,5,yes,INDEX,
/malaysia/bangalore-nri-property-legal-support/,NRI Property Legal Support in Bangalore for Kuala Lumpur Residents | Propertism,Handle Your Bangalore Property Legal Vetting from Kuala Lumpur,"Coordinate Bangalore property legal clearance from Kuala Lumpur. Propertism assists with title deeds search, document verification, registration, and complia...",https://www.propertism.in/malaysia/bangalore-nri-property-legal-support/,550,yes,5,yes,INDEX,
/bangalore/nri-power-of-attorney/,NRI Power of Attorney for Property in Bangalore | POA Guidance | Propertism,NRI Power of Attorney for Property in Bangalore,Understand power of attorney for NRI property in Bangalore. We guide owners through safe POA setup and document coordination.,https://www.propertism.in/bangalore/nri-power-of-attorney/,552,yes,5,no,INDEX,
/hackensack-nj/bangalore-nri-power-of-attorney/,"NRI Power of Attorney in Bangalore for Hackensack, NJ Residents | Propertism","Trusted Bangalore POA Documentation & Registration for NRIs in Hackensack, NJ","Register a power of attorney for your Bangalore property from Hackensack, NJ. We handle apostillation, notarisation, and sub-registrar filing without travel.",https://www.propertism.in/hackensack-nj/bangalore-nri-power-of-attorney/,552,yes,5,yes,INDEX,
/new-york-usa/bangalore-nri-power-of-attorney/,NRI Power of Attorney in Bangalore for New York Residents | Propertism,Execute Your Bangalore Power of Attorney from New York Safely,"Register a power of attorney for your Bangalore property from New York. We handle apostillation, notarisation, and sub-registrar filing without travel.",https://www.propertism.in/new-york-usa/bangalore-nri-power-of-attorney/,552,yes,5,yes,INDEX,
/san-jose-ca/bangalore-nri-power-of-attorney/,"NRI Power of Attorney in Bangalore for San Jose, CA Residents | Propertism","Execute Your Bangalore Power of Attorney from San Jose, CA Safely","Register a power of attorney for your Bangalore property from San Jose, CA. We handle apostillation, notarisation, and sub-registrar filing without travel.",https://www.propertism.in/san-jose-ca/bangalore-nri-power-of-attorney/,552,yes,5,yes,INDEX,
/dallas-tx/bangalore-nri-power-of-attorney/,"NRI Power of Attorney in Bangalore for Dallas, TX Residents | Propertism","Execute Your Bangalore Power of Attorney from Dallas, TX Safely","Register a power of attorney for your Bangalore property from Dallas, TX. We handle apostillation, notarisation, and sub-registrar filing without travel.",https://www.propertism.in/dallas-tx/bangalore-nri-power-of-attorney/,552,yes,5,yes,INDEX,
/london-uk/bangalore-nri-power-of-attorney/,NRI Power of Attorney in Bangalore for London Residents | Propertism,End-to-End NRI Power of Attorney Coordination in Bangalore from London,"Register a power of attorney for your Bangalore property from London. We handle apostillation, notarisation, and sub-registrar filing without travel.",https://www.propertism.in/london-uk/bangalore-nri-power-of-attorney/,552,yes,5,yes,INDEX,
/toronto-canada/bangalore-nri-power-of-attorney/,NRI Power of Attorney in Bangalore for Toronto Residents | Propertism,Trusted Bangalore POA Documentation & Registration for NRIs in Toronto,"Register a power of attorney for your Bangalore property from Toronto. We handle apostillation, notarisation, and sub-registrar filing without travel.",https://www.propertism.in/toronto-canada/bangalore-nri-power-of-attorney/,552,yes,5,yes,INDEX,
/dubai-uae/bangalore-nri-power-of-attorney/,NRI Power of Attorney in Bangalore for Dubai Residents | Propertism,Professional Power of Attorney Support in Bangalore for NRIs in Dubai,"Register a power of attorney for your Bangalore property from Dubai. We handle apostillation, notarisation, and sub-registrar filing without travel.",https://www.propertism.in/dubai-uae/bangalore-nri-power-of-attorney/,552,yes,5,yes,INDEX,
/singapore/bangalore-nri-power-of-attorney/,NRI Power of Attorney in Bangalore for Singapore Residents | Propertism,Execute Your Bangalore Power of Attorney from Singapore Safely,"Register a power of attorney for your Bangalore property from Singapore. We handle apostillation, notarisation, and sub-registrar filing without travel.",https://www.propertism.in/singapore/bangalore-nri-power-of-attorney/,552,yes,5,yes,INDEX,
/sydney-australia/bangalore-nri-power-of-attorney/,NRI Power of Attorney in Bangalore for Sydney Residents | Propertism,Execute Your Bangalore Power of Attorney from Sydney Safely,"Register a power of attorney for your Bangalore property from Sydney. We handle apostillation, notarisation, and sub-registrar filing without travel.",https://www.propertism.in/sydney-australia/bangalore-nri-power-of-attorney/,552,yes,5,yes,INDEX,
/doha-qatar/bangalore-nri-power-of-attorney/,NRI Power of Attorney in Bangalore for Doha Residents | Propertism,Professional Power of Attorney Support in Bangalore for NRIs in Doha,"Register a power of attorney for your Bangalore property from Doha. We handle apostillation, notarisation, and sub-registrar filing without travel.",https://www.propertism.in/doha-qatar/bangalore-nri-power-of-attorney/,552,yes,5,yes,INDEX,
/abu-dhabi/bangalore-nri-power-of-attorney/,NRI Power of Attorney in Bangalore for Abu Dhabi Residents | Propertism,Secure Your Bangalore Assets via Power of Attorney from Abu Dhabi,"Register a power of attorney for your Bangalore property from Abu Dhabi. We handle apostillation, notarisation, and sub-registrar filing without travel.",https://www.propertism.in/abu-dhabi/bangalore-nri-power-of-attorney/,552,yes,5,yes,INDEX,
/kuwait/bangalore-nri-power-of-attorney/,NRI Power of Attorney in Bangalore for Kuwait City Residents | Propertism,Professional Power of Attorney Support in Bangalore for NRIs in Kuwait City,"Register a power of attorney for your Bangalore property from Kuwait City. We handle apostillation, notarisation, and sub-registrar filing without travel.",https://www.propertism.in/kuwait/bangalore-nri-power-of-attorney/,552,yes,5,yes,INDEX,
/saudi/bangalore-nri-power-of-attorney/,NRI Power of Attorney in Bangalore for Riyadh Residents | Propertism,Secure Your Bangalore Assets via Power of Attorney from Riyadh,"Register a power of attorney for your Bangalore property from Riyadh. We handle apostillation, notarisation, and sub-registrar filing without travel.",https://www.propertism.in/saudi/bangalore-nri-power-of-attorney/,552,yes,5,yes,INDEX,
/malaysia/bangalore-nri-power-of-attorney/,NRI Power of Attorney in Bangalore for Kuala Lumpur Residents | Propertism,Execute Your Bangalore Power of Attorney from Kuala Lumpur Safely,"Register a power of attorney for your Bangalore property from Kuala Lumpur. We handle apostillation, notarisation, and sub-registrar filing without travel.",https://www.propertism.in/malaysia/bangalore-nri-power-of-attorney/,552,yes,5,yes,INDEX,
/bangalore/nri-property-tax/,NRI Property Tax Guidance in Bangalore | Compliance Support | Propertism,NRI Property Tax Guidance in Bangalore,"Understand tax obligations for NRI property in Bangalore. We help owners stay compliant while managing, renting, or selling from abroad.",https://www.propertism.in/bangalore/nri-property-tax/,546,yes,5,no,INDEX,
/hackensack-nj/bangalore-nri-property-tax/,"NRI Property Tax Guide in Bangalore for Hackensack, NJ Residents | Propertism","Trusted Bangalore Property Tax Guidance for NRIs in Hackensack, NJ","Manage and pay municipal property taxes for your Bangalore assets from Hackensack, NJ. Prevent tax disputes, check land records, and ensure complete compliance.",https://www.propertism.in/hackensack-nj/bangalore-nri-property-tax/,546,yes,5,yes,INDEX,
/new-york-usa/bangalore-nri-property-tax/,NRI Property Tax Guide in Bangalore for New York Residents | Propertism,Manage Your Bangalore Property Tax Obligations from New York,"Manage and pay municipal property taxes for your Bangalore assets from New York. Prevent tax disputes, check land records, and ensure complete compliance.",https://www.propertism.in/new-york-usa/bangalore-nri-property-tax/,546,yes,5,yes,INDEX,
/san-jose-ca/bangalore-nri-property-tax/,"NRI Property Tax Guide in Bangalore for San Jose, CA Residents | Propertism","Manage Your Bangalore Property Tax Obligations from San Jose, CA","Manage and pay municipal property taxes for your Bangalore assets from San Jose, CA. Prevent tax disputes, check land records, and ensure complete compliance.",https://www.propertism.in/san-jose-ca/bangalore-nri-property-tax/,546,yes,5,yes,INDEX,
/dallas-tx/bangalore-nri-property-tax/,"NRI Property Tax Guide in Bangalore for Dallas, TX Residents | Propertism","Manage Your Bangalore Property Tax Obligations from Dallas, TX","Manage and pay municipal property taxes for your Bangalore assets from Dallas, TX. Prevent tax disputes, check land records, and ensure complete compliance.",https://www.propertism.in/dallas-tx/bangalore-nri-property-tax/,546,yes,5,yes,INDEX,
/london-uk/bangalore-nri-property-tax/,NRI Property Tax Guide in Bangalore for London Residents | Propertism,End-to-End NRI Property Tax Support in Bangalore from London,"Manage and pay municipal property taxes for your Bangalore assets from London. Prevent tax disputes, check land records, and ensure complete compliance.",https://www.propertism.in/london-uk/bangalore-nri-property-tax/,546,yes,5,yes,INDEX,
/toronto-canada/bangalore-nri-property-tax/,NRI Property Tax Guide in Bangalore for Toronto Residents | Propertism,Trusted Bangalore Property Tax Guidance for NRIs in Toronto,"Manage and pay municipal property taxes for your Bangalore assets from Toronto. Prevent tax disputes, check land records, and ensure complete compliance.",https://www.propertism.in/toronto-canada/bangalore-nri-property-tax/,546,yes,5,yes,INDEX,
/dubai-uae/bangalore-nri-property-tax/,NRI Property Tax Guide in Bangalore for Dubai Residents | Propertism,Professional NRI Property Tax Compliance & Filing in Bangalore from Dubai,"Manage and pay municipal property taxes for your Bangalore assets from Dubai. Prevent tax disputes, check land records, and ensure complete compliance.",https://www.propertism.in/dubai-uae/bangalore-nri-property-tax/,546,yes,5,yes,INDEX,
/singapore/bangalore-nri-property-tax/,NRI Property Tax Guide in Bangalore for Singapore Residents | Propertism,Manage Your Bangalore Property Tax Obligations from Singapore,"Manage and pay municipal property taxes for your Bangalore assets from Singapore. Prevent tax disputes, check land records, and ensure complete compliance.",https://www.propertism.in/singapore/bangalore-nri-property-tax/,546,yes,5,yes,INDEX,
/sydney-australia/bangalore-nri-property-tax/,NRI Property Tax Guide in Bangalore for Sydney Residents | Propertism,Manage Your Bangalore Property Tax Obligations from Sydney,"Manage and pay municipal property taxes for your Bangalore assets from Sydney. Prevent tax disputes, check land records, and ensure complete compliance.",https://www.propertism.in/sydney-australia/bangalore-nri-property-tax/,546,yes,5,yes,INDEX,
/doha-qatar/bangalore-nri-property-tax/,NRI Property Tax Guide in Bangalore for Doha Residents | Propertism,Professional NRI Property Tax Compliance & Filing in Bangalore from Doha,"Manage and pay municipal property taxes for your Bangalore assets from Doha. Prevent tax disputes, check land records, and ensure complete compliance.",https://www.propertism.in/doha-qatar/bangalore-nri-property-tax/,546,yes,5,yes,INDEX,
/abu-dhabi/bangalore-nri-property-tax/,NRI Property Tax Guide in Bangalore for Abu Dhabi Residents | Propertism,Pay and Manage Your Bangalore Property Taxes from Abu Dhabi Safely,"Manage and pay municipal property taxes for your Bangalore assets from Abu Dhabi. Prevent tax disputes, check land records, and ensure complete compliance.",https://www.propertism.in/abu-dhabi/bangalore-nri-property-tax/,546,yes,5,yes,INDEX,
/kuwait/bangalore-nri-property-tax/,NRI Property Tax Guide in Bangalore for Kuwait City Residents | Propertism,Professional NRI Property Tax Compliance & Filing in Bangalore from Kuwait City,"Manage and pay municipal property taxes for your Bangalore assets from Kuwait City. Prevent tax disputes, check land records, and ensure complete compliance.",https://www.propertism.in/kuwait/bangalore-nri-property-tax/,546,yes,5,yes,INDEX,
/saudi/bangalore-nri-property-tax/,NRI Property Tax Guide in Bangalore for Riyadh Residents | Propertism,Pay and Manage Your Bangalore Property Taxes from Riyadh Safely,"Manage and pay municipal property taxes for your Bangalore assets from Riyadh. Prevent tax disputes, check land records, and ensure complete compliance.",https://www.propertism.in/saudi/bangalore-nri-property-tax/,546,yes,5,yes,INDEX,
/malaysia/bangalore-nri-property-tax/,NRI Property Tax Guide in Bangalore for Kuala Lumpur Residents | Propertism,Manage Your Bangalore Property Tax Obligations from Kuala Lumpur,"Manage and pay municipal property taxes for your Bangalore assets from Kuala Lumpur. Prevent tax disputes, check land records, and ensure complete compliance.",https://www.propertism.in/malaysia/bangalore-nri-property-tax/,546,yes,5,yes,INDEX,
/bangalore/nri-capital-gains/,NRI Capital Gains on Property in Bangalore | Sell-Side Guidance | Propertism,NRI Capital Gains on Property in Bangalore,Know how capital gains apply when NRIs sell property in Bangalore. Practical guidance before pricing or closing decisions.,https://www.propertism.in/bangalore/nri-capital-gains/,546,yes,5,no,INDEX,
/hackensack-nj/bangalore-nri-capital-gains/,"NRI Capital Gains Tax Guide in Bangalore for Hackensack, NJ Residents | Propertism","Trusted Bangalore Capital Gains Advisory for NRI Sellers in Hackensack, NJ","Optimize capital gains tax on Bangalore property sales from Hackensack, NJ. Learn about TDS deductions, tax exemptions, and secure international fund transfers.",https://www.propertism.in/hackensack-nj/bangalore-nri-capital-gains/,546,yes,5,yes,INDEX,
/new-york-usa/bangalore-nri-capital-gains/,NRI Capital Gains Tax Guide in Bangalore for New York Residents | Propertism,Calculate and Optimize Your Bangalore Property Capital Gains Tax from New York,"Optimize capital gains tax on Bangalore property sales from New York. Learn about TDS deductions, tax exemptions, and secure international fund transfers.",https://www.propertism.in/new-york-usa/bangalore-nri-capital-gains/,546,yes,5,yes,INDEX,
/san-jose-ca/bangalore-nri-capital-gains/,"NRI Capital Gains Tax Guide in Bangalore for San Jose, CA Residents | Propertism","Calculate and Optimize Your Bangalore Property Capital Gains Tax from San Jose, CA","Optimize capital gains tax on Bangalore property sales from San Jose, CA. Learn about TDS deductions, tax exemptions, and secure international fund transfers.",https://www.propertism.in/san-jose-ca/bangalore-nri-capital-gains/,546,yes,5,yes,INDEX,
/dallas-tx/bangalore-nri-capital-gains/,"NRI Capital Gains Tax Guide in Bangalore for Dallas, TX Residents | Propertism","Calculate and Optimize Your Bangalore Property Capital Gains Tax from Dallas, TX","Optimize capital gains tax on Bangalore property sales from Dallas, TX. Learn about TDS deductions, tax exemptions, and secure international fund transfers.",https://www.propertism.in/dallas-tx/bangalore-nri-capital-gains/,546,yes,5,yes,INDEX,
/london-uk/bangalore-nri-capital-gains/,NRI Capital Gains Tax Guide in Bangalore for London Residents | Propertism,End-to-End NRI Capital Gains Tax Coordination in Bangalore from London,"Optimize capital gains tax on Bangalore property sales from London. Learn about TDS deductions, tax exemptions, and secure international fund transfers.",https://www.propertism.in/london-uk/bangalore-nri-capital-gains/,546,yes,5,yes,INDEX,
/toronto-canada/bangalore-nri-capital-gains/,NRI Capital Gains Tax Guide in Bangalore for Toronto Residents | Propertism,Trusted Bangalore Capital Gains Advisory for NRI Sellers in Toronto,"Optimize capital gains tax on Bangalore property sales from Toronto. Learn about TDS deductions, tax exemptions, and secure international fund transfers.",https://www.propertism.in/toronto-canada/bangalore-nri-capital-gains/,546,yes,5,yes,INDEX,
/dubai-uae/bangalore-nri-capital-gains/,NRI Capital Gains Tax Guide in Bangalore for Dubai Residents | Propertism,Professional NRI Capital Gains Tax Planning for Bangalore Property from Dubai,"Optimize capital gains tax on Bangalore property sales from Dubai. Learn about TDS deductions, tax exemptions, and secure international fund transfers.",https://www.propertism.in/dubai-uae/bangalore-nri-capital-gains/,546,yes,5,yes,INDEX,
/singapore/bangalore-nri-capital-gains/,NRI Capital Gains Tax Guide in Bangalore for Singapore Residents | Propertism,Calculate and Optimize Your Bangalore Property Capital Gains Tax from Singapore,"Optimize capital gains tax on Bangalore property sales from Singapore. Learn about TDS deductions, tax exemptions, and secure international fund transfers.",https://www.propertism.in/singapore/bangalore-nri-capital-gains/,546,yes,5,yes,INDEX,
/sydney-australia/bangalore-nri-capital-gains/,NRI Capital Gains Tax Guide in Bangalore for Sydney Residents | Propertism,Calculate and Optimize Your Bangalore Property Capital Gains Tax from Sydney,"Optimize capital gains tax on Bangalore property sales from Sydney. Learn about TDS deductions, tax exemptions, and secure international fund transfers.",https://www.propertism.in/sydney-australia/bangalore-nri-capital-gains/,546,yes,5,yes,INDEX,
/doha-qatar/bangalore-nri-capital-gains/,NRI Capital Gains Tax Guide in Bangalore for Doha Residents | Propertism,Professional NRI Capital Gains Tax Planning for Bangalore Property from Doha,"Optimize capital gains tax on Bangalore property sales from Doha. Learn about TDS deductions, tax exemptions, and secure international fund transfers.",https://www.propertism.in/doha-qatar/bangalore-nri-capital-gains/,546,yes,5,yes,INDEX,
/abu-dhabi/bangalore-nri-capital-gains/,NRI Capital Gains Tax Guide in Bangalore for Abu Dhabi Residents | Propertism,Minimize Your Bangalore Property Sale Tax Liability from Abu Dhabi,"Optimize capital gains tax on Bangalore property sales from Abu Dhabi. Learn about TDS deductions, tax exemptions, and secure international fund transfers.",https://www.propertism.in/abu-dhabi/bangalore-nri-capital-gains/,546,yes,5,yes,INDEX,
/kuwait/bangalore-nri-capital-gains/,NRI Capital Gains Tax Guide in Bangalore for Kuwait City Residents | Propertism,Professional NRI Capital Gains Tax Planning for Bangalore Property from Kuwait City,"Optimize capital gains tax on Bangalore property sales from Kuwait City. Learn about TDS deductions, tax exemptions, and secure international fund transfers.",https://www.propertism.in/kuwait/bangalore-nri-capital-gains/,546,yes,5,yes,INDEX,
/saudi/bangalore-nri-capital-gains/,NRI Capital Gains Tax Guide in Bangalore for Riyadh Residents | Propertism,Minimize Your Bangalore Property Sale Tax Liability from Riyadh,"Optimize capital gains tax on Bangalore property sales from Riyadh. Learn about TDS deductions, tax exemptions, and secure international fund transfers.",https://www.propertism.in/saudi/bangalore-nri-capital-gains/,546,yes,5,yes,INDEX,
/malaysia/bangalore-nri-capital-gains/,NRI Capital Gains Tax Guide in Bangalore for Kuala Lumpur Residents | Propertism,Calculate and Optimize Your Bangalore Property Capital Gains Tax from Kuala Lumpur,"Optimize capital gains tax on Bangalore property sales from Kuala Lumpur. Learn about TDS deductions, tax exemptions, and secure international fund transfers.",https://www.propertism.in/malaysia/bangalore-nri-capital-gains/,546,yes,5,yes,INDEX,
/bangalore/nri-buy-villas/,Villas in Bangalore for NRIs | Secure Investment Options | Propertism,Premium Villas in Bangalore for NRIs,"Verified villa investment opportunities in Bangalore for NRIs. Remote legal handling, trusted documentation, and complete property management.",https://www.propertism.in/bangalore/nri-buy-villas/,573,no,5,no,REVIEW,no_structured_data
/hackensack-nj/bangalore-nri-buy-villas/,"NRI Villa Investment in Bangalore for Hackensack, NJ Residents | Propertism","Trusted Bangalore Villa Purchase & Management for Buyers in Hackensack, NJ","Buy premium gated community villas in Bangalore from Hackensack, NJ safely. We offer verified property listings, remote legal support, and complete post-purc...",https://www.propertism.in/hackensack-nj/bangalore-nri-buy-villas/,573,no,5,yes,REVIEW,no_structured_data
/new-york-usa/bangalore-nri-buy-villas/,NRI Villa Investment in Bangalore for New York Residents | Propertism,Invest in a Premium Bangalore Villa from New York Safely,"Buy premium gated community villas in Bangalore from New York safely. We offer verified property listings, remote legal support, and complete post-purchase c...",https://www.propertism.in/new-york-usa/bangalore-nri-buy-villas/,573,no,5,yes,REVIEW,no_structured_data
/san-jose-ca/bangalore-nri-buy-villas/,"NRI Villa Investment in Bangalore for San Jose, CA Residents | Propertism","Invest in a Premium Bangalore Villa from San Jose, CA Safely","Buy premium gated community villas in Bangalore from San Jose, CA safely. We offer verified property listings, remote legal support, and complete post-purcha...",https://www.propertism.in/san-jose-ca/bangalore-nri-buy-villas/,573,no,5,yes,REVIEW,no_structured_data
/dallas-tx/bangalore-nri-buy-villas/,"NRI Villa Investment in Bangalore for Dallas, TX Residents | Propertism","Invest in a Premium Bangalore Villa from Dallas, TX Safely","Buy premium gated community villas in Bangalore from Dallas, TX safely. We offer verified property listings, remote legal support, and complete post-purchase...",https://www.propertism.in/dallas-tx/bangalore-nri-buy-villas/,573,no,5,yes,REVIEW,no_structured_data
/london-uk/bangalore-nri-buy-villas/,NRI Villa Investment in Bangalore for London Residents | Propertism,End-to-End Villa Acquisition Services in Bangalore from London,"Buy premium gated community villas in Bangalore from London safely. We offer verified property listings, remote legal support, and complete post-purchase care.",https://www.propertism.in/london-uk/bangalore-nri-buy-villas/,573,no,5,yes,REVIEW,no_structured_data
/toronto-canada/bangalore-nri-buy-villas/,NRI Villa Investment in Bangalore for Toronto Residents | Propertism,Trusted Bangalore Villa Purchase & Management for Buyers in Toronto,"Buy premium gated community villas in Bangalore from Toronto safely. We offer verified property listings, remote legal support, and complete post-purchase care.",https://www.propertism.in/toronto-canada/bangalore-nri-buy-villas/,573,no,5,yes,REVIEW,no_structured_data
/dubai-uae/bangalore-nri-buy-villas/,NRI Villa Investment in Bangalore for Dubai Residents | Propertism,Premium Villas in Bangalore for NRI Investors in Dubai,"Buy premium gated community villas in Bangalore from Dubai safely. We offer verified property listings, remote legal support, and complete post-purchase care.",https://www.propertism.in/dubai-uae/bangalore-nri-buy-villas/,573,no,5,yes,REVIEW,no_structured_data
/singapore/bangalore-nri-buy-villas/,NRI Villa Investment in Bangalore for Singapore Residents | Propertism,Invest in a Premium Bangalore Villa from Singapore Safely,"Buy premium gated community villas in Bangalore from Singapore safely. We offer verified property listings, remote legal support, and complete post-purchase ...",https://www.propertism.in/singapore/bangalore-nri-buy-villas/,573,no,5,yes,REVIEW,no_structured_data
/sydney-australia/bangalore-nri-buy-villas/,NRI Villa Investment in Bangalore for Sydney Residents | Propertism,Invest in a Premium Bangalore Villa from Sydney Safely,"Buy premium gated community villas in Bangalore from Sydney safely. We offer verified property listings, remote legal support, and complete post-purchase care.",https://www.propertism.in/sydney-australia/bangalore-nri-buy-villas/,573,no,5,yes,REVIEW,no_structured_data
/doha-qatar/bangalore-nri-buy-villas/,NRI Villa Investment in Bangalore for Doha Residents | Propertism,Premium Villas in Bangalore for NRI Investors in Doha,"Buy premium gated community villas in Bangalore from Doha safely. We offer verified property listings, remote legal support, and complete post-purchase care.",https://www.propertism.in/doha-qatar/bangalore-nri-buy-villas/,573,no,5,yes,REVIEW,no_structured_data
/abu-dhabi/bangalore-nri-buy-villas/,NRI Villa Investment in Bangalore for Abu Dhabi Residents | Propertism,Find Your Dream Villa in Bangalore from Abu Dhabi with Propertism,"Buy premium gated community villas in Bangalore from Abu Dhabi safely. We offer verified property listings, remote legal support, and complete post-purchase ...",https://www.propertism.in/abu-dhabi/bangalore-nri-buy-villas/,573,no,5,yes,REVIEW,no_structured_data
/kuwait/bangalore-nri-buy-villas/,NRI Villa Investment in Bangalore for Kuwait City Residents | Propertism,Premium Villas in Bangalore for NRI Investors in Kuwait City,"Buy premium gated community villas in Bangalore from Kuwait City safely. We offer verified property listings, remote legal support, and complete post-purchas...",https://www.propertism.in/kuwait/bangalore-nri-buy-villas/,573,no,5,yes,REVIEW,no_structured_data
/saudi/bangalore-nri-buy-villas/,NRI Villa Investment in Bangalore for Riyadh Residents | Propertism,Find Your Dream Villa in Bangalore from Riyadh with Propertism,"Buy premium gated community villas in Bangalore from Riyadh safely. We offer verified property listings, remote legal support, and complete post-purchase care.",https://www.propertism.in/saudi/bangalore-nri-buy-villas/,573,no,5,yes,REVIEW,no_structured_data
/malaysia/bangalore-nri-buy-villas/,NRI Villa Investment in Bangalore for Kuala Lumpur Residents | Propertism,Invest in a Premium Bangalore Villa from Kuala Lumpur Safely,"Buy premium gated community villas in Bangalore from Kuala Lumpur safely. We offer verified property listings, remote legal support, and complete post-purcha...",https://www.propertism.in/malaysia/bangalore-nri-buy-villas/,573,no,5,yes,REVIEW,no_structured_data
/bangalore/nri-buy-flats/,Flats in Bangalore for NRIs | High-Yield Apartments | Propertism,Apartments & Flats in Bangalore for NRIs,"Buy verified flats in Bangalore while living abroad. Full NRI support for property search, legal handling, and tenant management.",https://www.propertism.in/bangalore/nri-buy-flats/,550,no,5,no,REVIEW,no_structured_data
/hackensack-nj/bangalore-nri-buy-flats/,"NRI Flat Investment in Bangalore for Hackensack, NJ Residents | Propertism","Trusted Bangalore Apartment Purchase & Tenant Placement for NRIs in Hackensack, NJ","Invest in high-yield apartments and flats in Bangalore from Hackensack, NJ safely. Get verified listings, clear title deeds verification, and tenant management.",https://www.propertism.in/hackensack-nj/bangalore-nri-buy-flats/,550,no,5,yes,REVIEW,no_structured_data
/new-york-usa/bangalore-nri-buy-flats/,NRI Flat Investment in Bangalore for New York Residents | Propertism,Invest in a High-Yield Bangalore Flat from New York Safely,"Invest in high-yield apartments and flats in Bangalore from New York safely. Get verified listings, clear title deeds verification, and tenant management.",https://www.propertism.in/new-york-usa/bangalore-nri-buy-flats/,550,no,5,yes,REVIEW,no_structured_data
/san-jose-ca/bangalore-nri-buy-flats/,"NRI Flat Investment in Bangalore for San Jose, CA Residents | Propertism","Invest in a High-Yield Bangalore Flat from San Jose, CA Safely","Invest in high-yield apartments and flats in Bangalore from San Jose, CA safely. Get verified listings, clear title deeds verification, and tenant management.",https://www.propertism.in/san-jose-ca/bangalore-nri-buy-flats/,550,no,5,yes,REVIEW,no_structured_data
/dallas-tx/bangalore-nri-buy-flats/,"NRI Flat Investment in Bangalore for Dallas, TX Residents | Propertism","Invest in a High-Yield Bangalore Flat from Dallas, TX Safely","Invest in high-yield apartments and flats in Bangalore from Dallas, TX safely. Get verified listings, clear title deeds verification, and tenant management.",https://www.propertism.in/dallas-tx/bangalore-nri-buy-flats/,550,no,5,yes,REVIEW,no_structured_data
/london-uk/bangalore-nri-buy-flats/,NRI Flat Investment in Bangalore for London Residents | Propertism,End-to-End Flat Acquisition & Management in Bangalore from London,"Invest in high-yield apartments and flats in Bangalore from London safely. Get verified listings, clear title deeds verification, and tenant management.",https://www.propertism.in/london-uk/bangalore-nri-buy-flats/,550,no,5,yes,REVIEW,no_structured_data
/toronto-canada/bangalore-nri-buy-flats/,NRI Flat Investment in Bangalore for Toronto Residents | Propertism,Trusted Bangalore Apartment Purchase & Tenant Placement for NRIs in Toronto,"Invest in high-yield apartments and flats in Bangalore from Toronto safely. Get verified listings, clear title deeds verification, and tenant management.",https://www.propertism.in/toronto-canada/bangalore-nri-buy-flats/,550,no,5,yes,REVIEW,no_structured_data
/dubai-uae/bangalore-nri-buy-flats/,NRI Flat Investment in Bangalore for Dubai Residents | Propertism,Apartments & Flats in Bangalore for NRI Buyers in Dubai,"Invest in high-yield apartments and flats in Bangalore from Dubai safely. Get verified listings, clear title deeds verification, and tenant management.",https://www.propertism.in/dubai-uae/bangalore-nri-buy-flats/,550,no,5,yes,REVIEW,no_structured_data
/singapore/bangalore-nri-buy-flats/,NRI Flat Investment in Bangalore for Singapore Residents | Propertism,Invest in a High-Yield Bangalore Flat from Singapore Safely,"Invest in high-yield apartments and flats in Bangalore from Singapore safely. Get verified listings, clear title deeds verification, and tenant management.",https://www.propertism.in/singapore/bangalore-nri-buy-flats/,550,no,5,yes,REVIEW,no_structured_data
/sydney-australia/bangalore-nri-buy-flats/,NRI Flat Investment in Bangalore for Sydney Residents | Propertism,Invest in a High-Yield Bangalore Flat from Sydney Safely,"Invest in high-yield apartments and flats in Bangalore from Sydney safely. Get verified listings, clear title deeds verification, and tenant management.",https://www.propertism.in/sydney-australia/bangalore-nri-buy-flats/,550,no,5,yes,REVIEW,no_structured_data
/doha-qatar/bangalore-nri-buy-flats/,NRI Flat Investment in Bangalore for Doha Residents | Propertism,Apartments & Flats in Bangalore for NRI Buyers in Doha,"Invest in high-yield apartments and flats in Bangalore from Doha safely. Get verified listings, clear title deeds verification, and tenant management.",https://www.propertism.in/doha-qatar/bangalore-nri-buy-flats/,550,no,5,yes,REVIEW,no_structured_data
/abu-dhabi/bangalore-nri-buy-flats/,NRI Flat Investment in Bangalore for Abu Dhabi Residents | Propertism,Find Verified Apartments & Flats in Bangalore from Abu Dhabi,"Invest in high-yield apartments and flats in Bangalore from Abu Dhabi safely. Get verified listings, clear title deeds verification, and tenant management.",https://www.propertism.in/abu-dhabi/bangalore-nri-buy-flats/,550,no,5,yes,REVIEW,no_structured_data
/kuwait/bangalore-nri-buy-flats/,NRI Flat Investment in Bangalore for Kuwait City Residents | Propertism,Apartments & Flats in Bangalore for NRI Buyers in Kuwait City,"Invest in high-yield apartments and flats in Bangalore from Kuwait City safely. Get verified listings, clear title deeds verification, and tenant management.",https://www.propertism.in/kuwait/bangalore-nri-buy-flats/,550,no,5,yes,REVIEW,no_structured_data
/saudi/bangalore-nri-buy-flats/,NRI Flat Investment in Bangalore for Riyadh Residents | Propertism,Find Verified Apartments & Flats in Bangalore from Riyadh,"Invest in high-yield apartments and flats in Bangalore from Riyadh safely. Get verified listings, clear title deeds verification, and tenant management.",https://www.propertism.in/saudi/bangalore-nri-buy-flats/,550,no,5,yes,REVIEW,no_structured_data
/malaysia/bangalore-nri-buy-flats/,NRI Flat Investment in Bangalore for Kuala Lumpur Residents | Propertism,Invest in a High-Yield Bangalore Flat from Kuala Lumpur Safely,"Invest in high-yield apartments and flats in Bangalore from Kuala Lumpur safely. Get verified listings, clear title deeds verification, and tenant management.",https://www.propertism.in/malaysia/bangalore-nri-buy-flats/,550,no,5,yes,REVIEW,no_structured_data
/bangalore/nri-investment-properties/,High-Yield Property Investment in Bangalore for NRIs | Propertism,NRI Property Investment Advisory in Bangalore,Build a high-yield real estate portfolio in Bangalore from overseas. Data-driven investment advisory and verified high-growth property listings.,https://www.propertism.in/bangalore/nri-investment-properties/,554,no,5,no,REVIEW,no_structured_data
/hackensack-nj/bangalore-nri-investment-properties/,"NRI Property Investment in Bangalore for Hackensack, NJ Residents | Propertism","Trusted Bangalore Real Estate Investment Advisory for Buyers in Hackensack, NJ","High-growth property investment options in Bangalore for NRIs in Hackensack, NJ. Data-driven advisor search, title verification, and remote transaction assis...",https://www.propertism.in/hackensack-nj/bangalore-nri-investment-properties/,554,no,5,yes,REVIEW,no_structured_data
/new-york-usa/bangalore-nri-investment-properties/,NRI Property Investment in Bangalore for New York Residents | Propertism,Build Your Bangalore Real Estate Portfolio from New York,"High-growth property investment options in Bangalore for NRIs in New York. Data-driven advisor search, title verification, and remote transaction assistance.",https://www.propertism.in/new-york-usa/bangalore-nri-investment-properties/,554,no,5,yes,REVIEW,no_structured_data
/san-jose-ca/bangalore-nri-investment-properties/,"NRI Property Investment in Bangalore for San Jose, CA Residents | Propertism","Build Your Bangalore Real Estate Portfolio from San Jose, CA","High-growth property investment options in Bangalore for NRIs in San Jose, CA. Data-driven advisor search, title verification, and remote transaction assista...",https://www.propertism.in/san-jose-ca/bangalore-nri-investment-properties/,554,no,5,yes,REVIEW,no_structured_data
/dallas-tx/bangalore-nri-investment-properties/,"NRI Property Investment in Bangalore for Dallas, TX Residents | Propertism","Build Your Bangalore Real Estate Portfolio from Dallas, TX","High-growth property investment options in Bangalore for NRIs in Dallas, TX. Data-driven advisor search, title verification, and remote transaction assistance.",https://www.propertism.in/dallas-tx/bangalore-nri-investment-properties/,554,no,5,yes,REVIEW,no_structured_data
/london-uk/bangalore-nri-investment-properties/,NRI Property Investment in Bangalore for London Residents | Propertism,End-to-End Property Investment Services in Bangalore from London,"High-growth property investment options in Bangalore for NRIs in London. Data-driven advisor search, title verification, and remote transaction assistance.",https://www.propertism.in/london-uk/bangalore-nri-investment-properties/,554,no,5,yes,REVIEW,no_structured_data
/toronto-canada/bangalore-nri-investment-properties/,NRI Property Investment in Bangalore for Toronto Residents | Propertism,Trusted Bangalore Real Estate Investment Advisory for Buyers in Toronto,"High-growth property investment options in Bangalore for NRIs in Toronto. Data-driven advisor search, title verification, and remote transaction assistance.",https://www.propertism.in/toronto-canada/bangalore-nri-investment-properties/,554,no,5,yes,REVIEW,no_structured_data
/dubai-uae/bangalore-nri-investment-properties/,NRI Property Investment in Bangalore for Dubai Residents | Propertism,Verified Investment Properties in Bangalore for NRI Investors in Dubai,"High-growth property investment options in Bangalore for NRIs in Dubai. Data-driven advisor search, title verification, and remote transaction assistance.",https://www.propertism.in/dubai-uae/bangalore-nri-investment-properties/,554,no,5,yes,REVIEW,no_structured_data
/singapore/bangalore-nri-investment-properties/,NRI Property Investment in Bangalore for Singapore Residents | Propertism,Build Your Bangalore Real Estate Portfolio from Singapore,"High-growth property investment options in Bangalore for NRIs in Singapore. Data-driven advisor search, title verification, and remote transaction assistance.",https://www.propertism.in/singapore/bangalore-nri-investment-properties/,554,no,5,yes,REVIEW,no_structured_data
/sydney-australia/bangalore-nri-investment-properties/,NRI Property Investment in Bangalore for Sydney Residents | Propertism,Build Your Bangalore Real Estate Portfolio from Sydney,"High-growth property investment options in Bangalore for NRIs in Sydney. Data-driven advisor search, title verification, and remote transaction assistance.",https://www.propertism.in/sydney-australia/bangalore-nri-investment-properties/,554,no,5,yes,REVIEW,no_structured_data
/doha-qatar/bangalore-nri-investment-properties/,NRI Property Investment in Bangalore for Doha Residents | Propertism,Verified Investment Properties in Bangalore for NRI Investors in Doha,"High-growth property investment options in Bangalore for NRIs in Doha. Data-driven advisor search, title verification, and remote transaction assistance.",https://www.propertism.in/doha-qatar/bangalore-nri-investment-properties/,554,no,5,yes,REVIEW,no_structured_data
/abu-dhabi/bangalore-nri-investment-properties/,NRI Property Investment in Bangalore for Abu Dhabi Residents | Propertism,Maximize Your Bangalore Property Investment ROI from Abu Dhabi,"High-growth property investment options in Bangalore for NRIs in Abu Dhabi. Data-driven advisor search, title verification, and remote transaction assistance.",https://www.propertism.in/abu-dhabi/bangalore-nri-investment-properties/,554,no,5,yes,REVIEW,no_structured_data
/kuwait/bangalore-nri-investment-properties/,NRI Property Investment in Bangalore for Kuwait City Residents | Propertism,Verified Investment Properties in Bangalore for NRI Investors in Kuwait City,"High-growth property investment options in Bangalore for NRIs in Kuwait City. Data-driven advisor search, title verification, and remote transaction assistance.",https://www.propertism.in/kuwait/bangalore-nri-investment-properties/,554,no,5,yes,REVIEW,no_structured_data
/saudi/bangalore-nri-investment-properties/,NRI Property Investment in Bangalore for Riyadh Residents | Propertism,Maximize Your Bangalore Property Investment ROI from Riyadh,"High-growth property investment options in Bangalore for NRIs in Riyadh. Data-driven advisor search, title verification, and remote transaction assistance.",https://www.propertism.in/saudi/bangalore-nri-investment-properties/,554,no,5,yes,REVIEW,no_structured_data
/malaysia/bangalore-nri-investment-properties/,NRI Property Investment in Bangalore for Kuala Lumpur Residents | Propertism,Build Your Bangalore Real Estate Portfolio from Kuala Lumpur,"High-growth property investment options in Bangalore for NRIs in Kuala Lumpur. Data-driven advisor search, title verification, and remote transaction assista...",https://www.propertism.in/malaysia/bangalore-nri-investment-properties/,554,no,5,yes,REVIEW,no_structured_data
/bangalore/nri-luxury-properties/,Luxury Real Estate in Bangalore for NRIs | Premium Portfolio | Propertism,Premium Luxury Properties in Bangalore for NRIs,Exclusive collection of luxury villas and apartments in Bangalore for HNI and NRI investors. World-class amenities and prime location focus.,https://www.propertism.in/bangalore/nri-luxury-properties/,546,no,5,no,REVIEW,no_structured_data
/hackensack-nj/bangalore-nri-luxury-properties/,"NRI Luxury Properties in Bangalore for Hackensack, NJ Residents | Propertism","Trusted Bangalore Luxury Villa & Flat Search for Buyers in Hackensack, NJ","Explore premium luxury villas and flats in Bangalore from Hackensack, NJ. Curated high-specification homes, verified documents, and on-ground transaction han...",https://www.propertism.in/hackensack-nj/bangalore-nri-luxury-properties/,546,no,5,yes,REVIEW,no_structured_data
/new-york-usa/bangalore-nri-luxury-properties/,NRI Luxury Properties in Bangalore for New York Residents | Propertism,Invest in Luxury Real Estate in Bangalore from New York Safely,"Explore premium luxury villas and flats in Bangalore from New York. Curated high-specification homes, verified documents, and on-ground transaction handling.",https://www.propertism.in/new-york-usa/bangalore-nri-luxury-properties/,546,no,5,yes,REVIEW,no_structured_data
/san-jose-ca/bangalore-nri-luxury-properties/,"NRI Luxury Properties in Bangalore for San Jose, CA Residents | Propertism","Invest in Luxury Real Estate in Bangalore from San Jose, CA Safely","Explore premium luxury villas and flats in Bangalore from San Jose, CA. Curated high-specification homes, verified documents, and on-ground transaction handl...",https://www.propertism.in/san-jose-ca/bangalore-nri-luxury-properties/,546,no,5,yes,REVIEW,no_structured_data
/dallas-tx/bangalore-nri-luxury-properties/,"NRI Luxury Properties in Bangalore for Dallas, TX Residents | Propertism","Invest in Luxury Real Estate in Bangalore from Dallas, TX Safely","Explore premium luxury villas and flats in Bangalore from Dallas, TX. Curated high-specification homes, verified documents, and on-ground transaction handling.",https://www.propertism.in/dallas-tx/bangalore-nri-luxury-properties/,546,no,5,yes,REVIEW,no_structured_data
/london-uk/bangalore-nri-luxury-properties/,NRI Luxury Properties in Bangalore for London Residents | Propertism,End-to-End Luxury Property Purchase & Management in Bangalore from London,"Explore premium luxury villas and flats in Bangalore from London. Curated high-specification homes, verified documents, and on-ground transaction handling.",https://www.propertism.in/london-uk/bangalore-nri-luxury-properties/,546,no,5,yes,REVIEW,no_structured_data
/toronto-canada/bangalore-nri-luxury-properties/,NRI Luxury Properties in Bangalore for Toronto Residents | Propertism,Trusted Bangalore Luxury Villa & Flat Search for Buyers in Toronto,"Explore premium luxury villas and flats in Bangalore from Toronto. Curated high-specification homes, verified documents, and on-ground transaction handling.",https://www.propertism.in/toronto-canada/bangalore-nri-luxury-properties/,546,no,5,yes,REVIEW,no_structured_data
/dubai-uae/bangalore-nri-luxury-properties/,NRI Luxury Properties in Bangalore for Dubai Residents | Propertism,Premium Luxury Properties in Bangalore for HNI and NRI Buyers in Dubai,"Explore premium luxury villas and flats in Bangalore from Dubai. Curated high-specification homes, verified documents, and on-ground transaction handling.",https://www.propertism.in/dubai-uae/bangalore-nri-luxury-properties/,546,no,5,yes,REVIEW,no_structured_data
/singapore/bangalore-nri-luxury-properties/,NRI Luxury Properties in Bangalore for Singapore Residents | Propertism,Invest in Luxury Real Estate in Bangalore from Singapore Safely,"Explore premium luxury villas and flats in Bangalore from Singapore. Curated high-specification homes, verified documents, and on-ground transaction handling.",https://www.propertism.in/singapore/bangalore-nri-luxury-properties/,546,no,5,yes,REVIEW,no_structured_data
/sydney-australia/bangalore-nri-luxury-properties/,NRI Luxury Properties in Bangalore for Sydney Residents | Propertism,Invest in Luxury Real Estate in Bangalore from Sydney Safely,"Explore premium luxury villas and flats in Bangalore from Sydney. Curated high-specification homes, verified documents, and on-ground transaction handling.",https://www.propertism.in/sydney-australia/bangalore-nri-luxury-properties/,546,no,5,yes,REVIEW,no_structured_data
/doha-qatar/bangalore-nri-luxury-properties/,NRI Luxury Properties in Bangalore for Doha Residents | Propertism,Premium Luxury Properties in Bangalore for HNI and NRI Buyers in Doha,"Explore premium luxury villas and flats in Bangalore from Doha. Curated high-specification homes, verified documents, and on-ground transaction handling.",https://www.propertism.in/doha-qatar/bangalore-nri-luxury-properties/,546,no,5,yes,REVIEW,no_structured_data
/abu-dhabi/bangalore-nri-luxury-properties/,NRI Luxury Properties in Bangalore for Abu Dhabi Residents | Propertism,Find Exclusive Luxury Homes in Bangalore from Abu Dhabi,"Explore premium luxury villas and flats in Bangalore from Abu Dhabi. Curated high-specification homes, verified documents, and on-ground transaction handling.",https://www.propertism.in/abu-dhabi/bangalore-nri-luxury-properties/,546,no,5,yes,REVIEW,no_structured_data
/kuwait/bangalore-nri-luxury-properties/,NRI Luxury Properties in Bangalore for Kuwait City Residents | Propertism,Premium Luxury Properties in Bangalore for HNI and NRI Buyers in Kuwait City,"Explore premium luxury villas and flats in Bangalore from Kuwait City. Curated high-specification homes, verified documents, and on-ground transaction handling.",https://www.propertism.in/kuwait/bangalore-nri-luxury-properties/,546,no,5,yes,REVIEW,no_structured_data
/saudi/bangalore-nri-luxury-properties/,NRI Luxury Properties in Bangalore for Riyadh Residents | Propertism,Find Exclusive Luxury Homes in Bangalore from Riyadh,"Explore premium luxury villas and flats in Bangalore from Riyadh. Curated high-specification homes, verified documents, and on-ground transaction handling.",https://www.propertism.in/saudi/bangalore-nri-luxury-properties/,546,no,5,yes,REVIEW,no_structured_data
/malaysia/bangalore-nri-luxury-properties/,NRI Luxury Properties in Bangalore for Kuala Lumpur Residents | Propertism,Invest in Luxury Real Estate in Bangalore from Kuala Lumpur Safely,"Explore premium luxury villas and flats in Bangalore from Kuala Lumpur. Curated high-specification homes, verified documents, and on-ground transaction handl...",https://www.propertism.in/malaysia/bangalore-nri-luxury-properties/,546,no,5,yes,REVIEW,no_structured_data
/bangalore/flats-for-sale/,Flats for Sale in Bangalore | Verified Apartments | Propertism,Apartments & Flats for Sale in Bangalore,Browse verified flats for sale in Bangalore. Direct builder listings with transparent pricing and complete documentation.,https://www.propertism.in/bangalore/flats-for-sale/,542,no,5,no,REVIEW,no_structured_data
/hackensack-nj/bangalore-flats-for-sale/,"Flats for Sale in Bangalore for Hackensack, NJ Residents | Propertism","Trusted Bangalore Flats for Sale — NRI Buying Support in Hackensack, NJ","Buy verified flats and apartments in Bangalore from Hackensack, NJ with direct builder pricing, legal vetting, and full remote-first home buying coordination.",https://www.propertism.in/hackensack-nj/bangalore-flats-for-sale/,542,no,5,yes,REVIEW,no_structured_data
/new-york-usa/bangalore-flats-for-sale/,Flats for Sale in Bangalore for New York Residents | Propertism,Buy a Flat in Bangalore from New York with Complete Verification,"Buy verified flats and apartments in Bangalore from New York with direct builder pricing, legal vetting, and full remote-first home buying coordination.",https://www.propertism.in/new-york-usa/bangalore-flats-for-sale/,542,no,5,yes,REVIEW,no_structured_data
/san-jose-ca/bangalore-flats-for-sale/,"Flats for Sale in Bangalore for San Jose, CA Residents | Propertism","Buy a Flat in Bangalore from San Jose, CA with Complete Verification","Buy verified flats and apartments in Bangalore from San Jose, CA with direct builder pricing, legal vetting, and full remote-first home buying coordination.",https://www.propertism.in/san-jose-ca/bangalore-flats-for-sale/,542,no,5,yes,REVIEW,no_structured_data
/dallas-tx/bangalore-flats-for-sale/,"Flats for Sale in Bangalore for Dallas, TX Residents | Propertism","Buy a Flat in Bangalore from Dallas, TX with Complete Verification","Buy verified flats and apartments in Bangalore from Dallas, TX with direct builder pricing, legal vetting, and full remote-first home buying coordination.",https://www.propertism.in/dallas-tx/bangalore-flats-for-sale/,542,no,5,yes,REVIEW,no_structured_data
/london-uk/bangalore-flats-for-sale/,Flats for Sale in Bangalore for London Residents | Propertism,End-to-End Flat Purchase Services in Bangalore from London,"Buy verified flats and apartments in Bangalore from London with direct builder pricing, legal vetting, and full remote-first home buying coordination.",https://www.propertism.in/london-uk/bangalore-flats-for-sale/,542,no,5,yes,REVIEW,no_structured_data
/toronto-canada/bangalore-flats-for-sale/,Flats for Sale in Bangalore for Toronto Residents | Propertism,Trusted Bangalore Flats for Sale — NRI Buying Support in Toronto,"Buy verified flats and apartments in Bangalore from Toronto with direct builder pricing, legal vetting, and full remote-first home buying coordination.",https://www.propertism.in/toronto-canada/bangalore-flats-for-sale/,542,no,5,yes,REVIEW,no_structured_data
/dubai-uae/bangalore-flats-for-sale/,Flats for Sale in Bangalore for Dubai Residents | Propertism,Verified Apartments & Flats for Sale in Bangalore for NRIs in Dubai,"Buy verified flats and apartments in Bangalore from Dubai with direct builder pricing, legal vetting, and full remote-first home buying coordination.",https://www.propertism.in/dubai-uae/bangalore-flats-for-sale/,542,no,5,yes,REVIEW,no_structured_data
/singapore/bangalore-flats-for-sale/,Flats for Sale in Bangalore for Singapore Residents | Propertism,Buy a Flat in Bangalore from Singapore with Complete Verification,"Buy verified flats and apartments in Bangalore from Singapore with direct builder pricing, legal vetting, and full remote-first home buying coordination.",https://www.propertism.in/singapore/bangalore-flats-for-sale/,542,no,5,yes,REVIEW,no_structured_data
/sydney-australia/bangalore-flats-for-sale/,Flats for Sale in Bangalore for Sydney Residents | Propertism,Buy a Flat in Bangalore from Sydney with Complete Verification,"Buy verified flats and apartments in Bangalore from Sydney with direct builder pricing, legal vetting, and full remote-first home buying coordination.",https://www.propertism.in/sydney-australia/bangalore-flats-for-sale/,542,no,5,yes,REVIEW,no_structured_data
/doha-qatar/bangalore-flats-for-sale/,Flats for Sale in Bangalore for Doha Residents | Propertism,Verified Apartments & Flats for Sale in Bangalore for NRIs in Doha,"Buy verified flats and apartments in Bangalore from Doha with direct builder pricing, legal vetting, and full remote-first home buying coordination.",https://www.propertism.in/doha-qatar/bangalore-flats-for-sale/,542,no,5,yes,REVIEW,no_structured_data
/abu-dhabi/bangalore-flats-for-sale/,Flats for Sale in Bangalore for Abu Dhabi Residents | Propertism,Browse Verified Flats for Sale in Bangalore from Abu Dhabi,"Buy verified flats and apartments in Bangalore from Abu Dhabi with direct builder pricing, legal vetting, and full remote-first home buying coordination.",https://www.propertism.in/abu-dhabi/bangalore-flats-for-sale/,542,no,5,yes,REVIEW,no_structured_data
/kuwait/bangalore-flats-for-sale/,Flats for Sale in Bangalore for Kuwait City Residents | Propertism,Verified Apartments & Flats for Sale in Bangalore for NRIs in Kuwait City,"Buy verified flats and apartments in Bangalore from Kuwait City with direct builder pricing, legal vetting, and full remote-first home buying coordination.",https://www.propertism.in/kuwait/bangalore-flats-for-sale/,542,no,5,yes,REVIEW,no_structured_data
/saudi/bangalore-flats-for-sale/,Flats for Sale in Bangalore for Riyadh Residents | Propertism,Browse Verified Flats for Sale in Bangalore from Riyadh,"Buy verified flats and apartments in Bangalore from Riyadh with direct builder pricing, legal vetting, and full remote-first home buying coordination.",https://www.propertism.in/saudi/bangalore-flats-for-sale/,542,no,5,yes,REVIEW,no_structured_data
/malaysia/bangalore-flats-for-sale/,Flats for Sale in Bangalore for Kuala Lumpur Residents | Propertism,Buy a Flat in Bangalore from Kuala Lumpur with Complete Verification,"Buy verified flats and apartments in Bangalore from Kuala Lumpur with direct builder pricing, legal vetting, and full remote-first home buying coordination.",https://www.propertism.in/malaysia/bangalore-flats-for-sale/,542,no,5,yes,REVIEW,no_structured_data
/bangalore/villas-for-sale/,Villas for Sale in Bangalore | Independent Houses | Propertism,Independent Houses & Villas for Sale in Bangalore,Latest villas and independent houses for sale in Bangalore. Premium gated communities and luxury individual homes.,https://www.propertism.in/bangalore/villas-for-sale/,536,no,5,no,REVIEW,no_structured_data
/hackensack-nj/bangalore-villas-for-sale/,"Villas for Sale in Bangalore for Hackensack, NJ Residents | Propertism","Trusted Bangalore Villas for Sale — NRI Purchase Support in Hackensack, NJ","Buy independent houses and gated villas in Bangalore from Hackensack, NJ. Complete document verification, remote legal assistance, and post-purchase management.",https://www.propertism.in/hackensack-nj/bangalore-villas-for-sale/,536,no,5,yes,REVIEW,no_structured_data
/new-york-usa/bangalore-villas-for-sale/,Villas for Sale in Bangalore for New York Residents | Propertism,Buy a Villa in Bangalore from New York with Complete Legal Vetting,"Buy independent houses and gated villas in Bangalore from New York. Complete document verification, remote legal assistance, and post-purchase management.",https://www.propertism.in/new-york-usa/bangalore-villas-for-sale/,536,no,5,yes,REVIEW,no_structured_data
/san-jose-ca/bangalore-villas-for-sale/,"Villas for Sale in Bangalore for San Jose, CA Residents | Propertism","Buy a Villa in Bangalore from San Jose, CA with Complete Legal Vetting","Buy independent houses and gated villas in Bangalore from San Jose, CA. Complete document verification, remote legal assistance, and post-purchase management.",https://www.propertism.in/san-jose-ca/bangalore-villas-for-sale/,536,no,5,yes,REVIEW,no_structured_data
/dallas-tx/bangalore-villas-for-sale/,"Villas for Sale in Bangalore for Dallas, TX Residents | Propertism","Buy a Villa in Bangalore from Dallas, TX with Complete Legal Vetting","Buy independent houses and gated villas in Bangalore from Dallas, TX. Complete document verification, remote legal assistance, and post-purchase management.",https://www.propertism.in/dallas-tx/bangalore-villas-for-sale/,536,no,5,yes,REVIEW,no_structured_data
/london-uk/bangalore-villas-for-sale/,Villas for Sale in Bangalore for London Residents | Propertism,End-to-End Villa Purchase Coordination in Bangalore from London,"Buy independent houses and gated villas in Bangalore from London. Complete document verification, remote legal assistance, and post-purchase management.",https://www.propertism.in/london-uk/bangalore-villas-for-sale/,536,no,5,yes,REVIEW,no_structured_data
/toronto-canada/bangalore-villas-for-sale/,Villas for Sale in Bangalore for Toronto Residents | Propertism,Trusted Bangalore Villas for Sale — NRI Purchase Support in Toronto,"Buy independent houses and gated villas in Bangalore from Toronto. Complete document verification, remote legal assistance, and post-purchase management.",https://www.propertism.in/toronto-canada/bangalore-villas-for-sale/,536,no,5,yes,REVIEW,no_structured_data
/dubai-uae/bangalore-villas-for-sale/,Villas for Sale in Bangalore for Dubai Residents | Propertism,Premium Independent Houses & Villas for Sale in Bangalore for NRIs in Dubai,"Buy independent houses and gated villas in Bangalore from Dubai. Complete document verification, remote legal assistance, and post-purchase management.",https://www.propertism.in/dubai-uae/bangalore-villas-for-sale/,536,no,5,yes,REVIEW,no_structured_data
/singapore/bangalore-villas-for-sale/,Villas for Sale in Bangalore for Singapore Residents | Propertism,Buy a Villa in Bangalore from Singapore with Complete Legal Vetting,"Buy independent houses and gated villas in Bangalore from Singapore. Complete document verification, remote legal assistance, and post-purchase management.",https://www.propertism.in/singapore/bangalore-villas-for-sale/,536,no,5,yes,REVIEW,no_structured_data
/sydney-australia/bangalore-villas-for-sale/,Villas for Sale in Bangalore for Sydney Residents | Propertism,Buy a Villa in Bangalore from Sydney with Complete Legal Vetting,"Buy independent houses and gated villas in Bangalore from Sydney. Complete document verification, remote legal assistance, and post-purchase management.",https://www.propertism.in/sydney-australia/bangalore-villas-for-sale/,536,no,5,yes,REVIEW,no_structured_data
/doha-qatar/bangalore-villas-for-sale/,Villas for Sale in Bangalore for Doha Residents | Propertism,Premium Independent Houses & Villas for Sale in Bangalore for NRIs in Doha,"Buy independent houses and gated villas in Bangalore from Doha. Complete document verification, remote legal assistance, and post-purchase management.",https://www.propertism.in/doha-qatar/bangalore-villas-for-sale/,536,no,5,yes,REVIEW,no_structured_data
/abu-dhabi/bangalore-villas-for-sale/,Villas for Sale in Bangalore for Abu Dhabi Residents | Propertism,Browse Verified Villas & Houses for Sale in Bangalore from Abu Dhabi,"Buy independent houses and gated villas in Bangalore from Abu Dhabi. Complete document verification, remote legal assistance, and post-purchase management.",https://www.propertism.in/abu-dhabi/bangalore-villas-for-sale/,536,no,5,yes,REVIEW,no_structured_data
/kuwait/bangalore-villas-for-sale/,Villas for Sale in Bangalore for Kuwait City Residents | Propertism,Premium Independent Houses & Villas for Sale in Bangalore for NRIs in Kuwait City,"Buy independent houses and gated villas in Bangalore from Kuwait City. Complete document verification, remote legal assistance, and post-purchase management.",https://www.propertism.in/kuwait/bangalore-villas-for-sale/,536,no,5,yes,REVIEW,no_structured_data
/saudi/bangalore-villas-for-sale/,Villas for Sale in Bangalore for Riyadh Residents | Propertism,Browse Verified Villas & Houses for Sale in Bangalore from Riyadh,"Buy independent houses and gated villas in Bangalore from Riyadh. Complete document verification, remote legal assistance, and post-purchase management.",https://www.propertism.in/saudi/bangalore-villas-for-sale/,536,no,5,yes,REVIEW,no_structured_data
/malaysia/bangalore-villas-for-sale/,Villas for Sale in Bangalore for Kuala Lumpur Residents | Propertism,Buy a Villa in Bangalore from Kuala Lumpur with Complete Legal Vetting,"Buy independent houses and gated villas in Bangalore from Kuala Lumpur. Complete document verification, remote legal assistance, and post-purchase management.",https://www.propertism.in/malaysia/bangalore-villas-for-sale/,536,no,5,yes,REVIEW,no_structured_data
/bangalore/flats-for-rent/,Flats for Rent in Bangalore | Verified Rentals | Propertism,Apartments & Flats for Rent in Bangalore,Find verified flats for rent in Bangalore. Top residential locations with professional tenant services.,https://www.propertism.in/bangalore/flats-for-rent/,547,no,5,no,REVIEW,no_structured_data
/hackensack-nj/bangalore-flats-for-rent/,"Flats for Rent in Bangalore for Hackensack, NJ Residents | Propertism","Trusted Bangalore Rental Listings & Agreement Assistance in Hackensack, NJ","Rent verified flats and apartments in Bangalore from Hackensack, NJ with professional tenancy support, legal rental agreements, and secure security deposit h...",https://www.propertism.in/hackensack-nj/bangalore-flats-for-rent/,547,no,5,yes,REVIEW,no_structured_data
/new-york-usa/bangalore-flats-for-rent/,Flats for Rent in Bangalore for New York Residents | Propertism,Rent a Flat in Bangalore from New York with Managed Tenancy Support,"Rent verified flats and apartments in Bangalore from New York with professional tenancy support, legal rental agreements, and secure security deposit handling.",https://www.propertism.in/new-york-usa/bangalore-flats-for-rent/,547,no,5,yes,REVIEW,no_structured_data
/san-jose-ca/bangalore-flats-for-rent/,"Flats for Rent in Bangalore for San Jose, CA Residents | Propertism","Rent a Flat in Bangalore from San Jose, CA with Managed Tenancy Support","Rent verified flats and apartments in Bangalore from San Jose, CA with professional tenancy support, legal rental agreements, and secure security deposit han...",https://www.propertism.in/san-jose-ca/bangalore-flats-for-rent/,547,no,5,yes,REVIEW,no_structured_data
/dallas-tx/bangalore-flats-for-rent/,"Flats for Rent in Bangalore for Dallas, TX Residents | Propertism","Rent a Flat in Bangalore from Dallas, TX with Managed Tenancy Support","Rent verified flats and apartments in Bangalore from Dallas, TX with professional tenancy support, legal rental agreements, and secure security deposit handl...",https://www.propertism.in/dallas-tx/bangalore-flats-for-rent/,547,no,5,yes,REVIEW,no_structured_data
/london-uk/bangalore-flats-for-rent/,Flats for Rent in Bangalore for London Residents | Propertism,End-to-End Tenant Placement & Rental Services in Bangalore from London,"Rent verified flats and apartments in Bangalore from London with professional tenancy support, legal rental agreements, and secure security deposit handling.",https://www.propertism.in/london-uk/bangalore-flats-for-rent/,547,no,5,yes,REVIEW,no_structured_data
/toronto-canada/bangalore-flats-for-rent/,Flats for Rent in Bangalore for Toronto Residents | Propertism,Trusted Bangalore Rental Listings & Agreement Assistance in Toronto,"Rent verified flats and apartments in Bangalore from Toronto with professional tenancy support, legal rental agreements, and secure security deposit handling.",https://www.propertism.in/toronto-canada/bangalore-flats-for-rent/,547,no,5,yes,REVIEW,no_structured_data
/dubai-uae/bangalore-flats-for-rent/,Flats for Rent in Bangalore for Dubai Residents | Propertism,Verified Apartments & Flats for Rent in Bangalore for Tenants from Dubai,"Rent verified flats and apartments in Bangalore from Dubai with professional tenancy support, legal rental agreements, and secure security deposit handling.",https://www.propertism.in/dubai-uae/bangalore-flats-for-rent/,547,no,5,yes,REVIEW,no_structured_data
/singapore/bangalore-flats-for-rent/,Flats for Rent in Bangalore for Singapore Residents | Propertism,Rent a Flat in Bangalore from Singapore with Managed Tenancy Support,"Rent verified flats and apartments in Bangalore from Singapore with professional tenancy support, legal rental agreements, and secure security deposit handling.",https://www.propertism.in/singapore/bangalore-flats-for-rent/,547,no,5,yes,REVIEW,no_structured_data
/sydney-australia/bangalore-flats-for-rent/,Flats for Rent in Bangalore for Sydney Residents | Propertism,Rent a Flat in Bangalore from Sydney with Managed Tenancy Support,"Rent verified flats and apartments in Bangalore from Sydney with professional tenancy support, legal rental agreements, and secure security deposit handling.",https://www.propertism.in/sydney-australia/bangalore-flats-for-rent/,547,no,5,yes,REVIEW,no_structured_data
/doha-qatar/bangalore-flats-for-rent/,Flats for Rent in Bangalore for Doha Residents | Propertism,Verified Apartments & Flats for Rent in Bangalore for Tenants from Doha,"Rent verified flats and apartments in Bangalore from Doha with professional tenancy support, legal rental agreements, and secure security deposit handling.",https://www.propertism.in/doha-qatar/bangalore-flats-for-rent/,547,no,5,yes,REVIEW,no_structured_data
/abu-dhabi/bangalore-flats-for-rent/,Flats for Rent in Bangalore for Abu Dhabi Residents | Propertism,Browse Verified Flats & Apartments for Rent in Bangalore from Abu Dhabi,"Rent verified flats and apartments in Bangalore from Abu Dhabi with professional tenancy support, legal rental agreements, and secure security deposit handling.",https://www.propertism.in/abu-dhabi/bangalore-flats-for-rent/,547,no,5,yes,REVIEW,no_structured_data
/kuwait/bangalore-flats-for-rent/,Flats for Rent in Bangalore for Kuwait City Residents | Propertism,Verified Apartments & Flats for Rent in Bangalore for Tenants from Kuwait City,"Rent verified flats and apartments in Bangalore from Kuwait City with professional tenancy support, legal rental agreements, and secure security deposit hand...",https://www.propertism.in/kuwait/bangalore-flats-for-rent/,547,no,5,yes,REVIEW,no_structured_data
/saudi/bangalore-flats-for-rent/,Flats for Rent in Bangalore for Riyadh Residents | Propertism,Browse Verified Flats & Apartments for Rent in Bangalore from Riyadh,"Rent verified flats and apartments in Bangalore from Riyadh with professional tenancy support, legal rental agreements, and secure security deposit handling.",https://www.propertism.in/saudi/bangalore-flats-for-rent/,547,no,5,yes,REVIEW,no_structured_data
/malaysia/bangalore-flats-for-rent/,Flats for Rent in Bangalore for Kuala Lumpur Residents | Propertism,Rent a Flat in Bangalore from Kuala Lumpur with Managed Tenancy Support,"Rent verified flats and apartments in Bangalore from Kuala Lumpur with professional tenancy support, legal rental agreements, and secure security deposit han...",https://www.propertism.in/malaysia/bangalore-flats-for-rent/,547,no,5,yes,REVIEW,no_structured_data
/bangalore/budget-properties/,Budget Properties in Bangalore | Affordable Housing | Propertism,Affordable Homes & Budget Properties in Bangalore,Latest pocket-friendly apartments and homes for sale in Bangalore. Real estate options for first-time buyers and budget-conscious investors.,https://www.propertism.in/bangalore/budget-properties/,542,no,5,no,REVIEW,no_structured_data
/hackensack-nj/bangalore-budget-properties/,"Budget Properties in Bangalore for Hackensack, NJ Residents | Propertism","Trusted Bangalore Budget Apartments for Sale for Buyers in Hackensack, NJ","Affordable homes and budget apartments in Bangalore from Hackensack, NJ under 60 lakhs. Verified listings, home loan coordination, and remote purchase assist...",https://www.propertism.in/hackensack-nj/bangalore-budget-properties/,542,no,5,yes,REVIEW,no_structured_data
/new-york-usa/bangalore-budget-properties/,Budget Properties in Bangalore for New York Residents | Propertism,Invest in Budget-Friendly Real Estate in Bangalore from New York,"Affordable homes and budget apartments in Bangalore from New York under 60 lakhs. Verified listings, home loan coordination, and remote purchase assistance.",https://www.propertism.in/new-york-usa/bangalore-budget-properties/,542,no,5,yes,REVIEW,no_structured_data
/san-jose-ca/bangalore-budget-properties/,"Budget Properties in Bangalore for San Jose, CA Residents | Propertism","Invest in Budget-Friendly Real Estate in Bangalore from San Jose, CA","Affordable homes and budget apartments in Bangalore from San Jose, CA under 60 lakhs. Verified listings, home loan coordination, and remote purchase assistance.",https://www.propertism.in/san-jose-ca/bangalore-budget-properties/,542,no,5,yes,REVIEW,no_structured_data
/dallas-tx/bangalore-budget-properties/,"Budget Properties in Bangalore for Dallas, TX Residents | Propertism","Invest in Budget-Friendly Real Estate in Bangalore from Dallas, TX","Affordable homes and budget apartments in Bangalore from Dallas, TX under 60 lakhs. Verified listings, home loan coordination, and remote purchase assistance.",https://www.propertism.in/dallas-tx/bangalore-budget-properties/,542,no,5,yes,REVIEW,no_structured_data
/london-uk/bangalore-budget-properties/,Budget Properties in Bangalore for London Residents | Propertism,End-to-End Affordable Housing Services in Bangalore from London,"Affordable homes and budget apartments in Bangalore from London under 60 lakhs. Verified listings, home loan coordination, and remote purchase assistance.",https://www.propertism.in/london-uk/bangalore-budget-properties/,542,no,5,yes,REVIEW,no_structured_data
/toronto-canada/bangalore-budget-properties/,Budget Properties in Bangalore for Toronto Residents | Propertism,Trusted Bangalore Budget Apartments for Sale for Buyers in Toronto,"Affordable homes and budget apartments in Bangalore from Toronto under 60 lakhs. Verified listings, home loan coordination, and remote purchase assistance.",https://www.propertism.in/toronto-canada/bangalore-budget-properties/,542,no,5,yes,REVIEW,no_structured_data
/dubai-uae/bangalore-budget-properties/,Budget Properties in Bangalore for Dubai Residents | Propertism,Affordable Homes & Budget Properties in Bangalore for NRIs in Dubai,"Affordable homes and budget apartments in Bangalore from Dubai under 60 lakhs. Verified listings, home loan coordination, and remote purchase assistance.",https://www.propertism.in/dubai-uae/bangalore-budget-properties/,542,no,5,yes,REVIEW,no_structured_data
/singapore/bangalore-budget-properties/,Budget Properties in Bangalore for Singapore Residents | Propertism,Invest in Budget-Friendly Real Estate in Bangalore from Singapore,"Affordable homes and budget apartments in Bangalore from Singapore under 60 lakhs. Verified listings, home loan coordination, and remote purchase assistance.",https://www.propertism.in/singapore/bangalore-budget-properties/,542,no,5,yes,REVIEW,no_structured_data
/sydney-australia/bangalore-budget-properties/,Budget Properties in Bangalore for Sydney Residents | Propertism,Invest in Budget-Friendly Real Estate in Bangalore from Sydney,"Affordable homes and budget apartments in Bangalore from Sydney under 60 lakhs. Verified listings, home loan coordination, and remote purchase assistance.",https://www.propertism.in/sydney-australia/bangalore-budget-properties/,542,no,5,yes,REVIEW,no_structured_data
/doha-qatar/bangalore-budget-properties/,Budget Properties in Bangalore for Doha Residents | Propertism,Affordable Homes & Budget Properties in Bangalore for NRIs in Doha,"Affordable homes and budget apartments in Bangalore from Doha under 60 lakhs. Verified listings, home loan coordination, and remote purchase assistance.",https://www.propertism.in/doha-qatar/bangalore-budget-properties/,542,no,5,yes,REVIEW,no_structured_data
/abu-dhabi/bangalore-budget-properties/,Budget Properties in Bangalore for Abu Dhabi Residents | Propertism,Browse Budget-Friendly Properties in Bangalore from Abu Dhabi,"Affordable homes and budget apartments in Bangalore from Abu Dhabi under 60 lakhs. Verified listings, home loan coordination, and remote purchase assistance.",https://www.propertism.in/abu-dhabi/bangalore-budget-properties/,542,no,5,yes,REVIEW,no_structured_data
/kuwait/bangalore-budget-properties/,Budget Properties in Bangalore for Kuwait City Residents | Propertism,Affordable Homes & Budget Properties in Bangalore for NRIs in Kuwait City,"Affordable homes and budget apartments in Bangalore from Kuwait City under 60 lakhs. Verified listings, home loan coordination, and remote purchase assistance.",https://www.propertism.in/kuwait/bangalore-budget-properties/,542,no,5,yes,REVIEW,no_structured_data
/saudi/bangalore-budget-properties/,Budget Properties in Bangalore for Riyadh Residents | Propertism,Browse Budget-Friendly Properties in Bangalore from Riyadh,"Affordable homes and budget apartments in Bangalore from Riyadh under 60 lakhs. Verified listings, home loan coordination, and remote purchase assistance.",https://www.propertism.in/saudi/bangalore-budget-properties/,542,no,5,yes,REVIEW,no_structured_data
/malaysia/bangalore-budget-properties/,Budget Properties in Bangalore for Kuala Lumpur Residents | Propertism,Invest in Budget-Friendly Real Estate in Bangalore from Kuala Lumpur,"Affordable homes and budget apartments in Bangalore from Kuala Lumpur under 60 lakhs. Verified listings, home loan coordination, and remote purchase assistance.",https://www.propertism.in/malaysia/bangalore-budget-properties/,542,no,5,yes,REVIEW,no_structured_data
/hyderabad/nri-sell-property/,Sell Your Property in Hyderabad from Abroad | NRI Property Selling Experts | Propertism,Sell Your Property in Hyderabad from Abroad,"End-to-end property selling support for NRIs in Hyderabad. We handle pricing, buyer coordination, legal documentation, and closure while you stay abroad.",https://www.propertism.in/hyderabad/nri-sell-property/,587,yes,9,no,INDEX,
/hackensack-nj/hyderabad-nri-sell-property/,"Sell NRI Property in Hyderabad for Hackensack, NJ Residents | Propertism","Trusted Hyderabad Property Selling for Overseas Owners in Hackensack, NJ","Sell your Hyderabad property from Hackensack, NJ with Propertism. We manage pricing, buyer visits, legal vetting, and power of attorney closure without travel.",https://www.propertism.in/hackensack-nj/hyderabad-nri-sell-property/,587,yes,9,yes,INDEX,
/new-york-usa/hyderabad-nri-sell-property/,Sell NRI Property in Hyderabad for New York Residents | Propertism,Sell Your Hyderabad Property Seamlessly from New York,"Sell your Hyderabad property from New York with Propertism. We manage pricing, buyer visits, legal vetting, and power of attorney closure without travel.",https://www.propertism.in/new-york-usa/hyderabad-nri-sell-property/,587,yes,9,yes,INDEX,
/san-jose-ca/hyderabad-nri-sell-property/,"Sell NRI Property in Hyderabad for San Jose, CA Residents | Propertism","Sell Your Hyderabad Property Seamlessly from San Jose, CA","Sell your Hyderabad property from San Jose, CA with Propertism. We manage pricing, buyer visits, legal vetting, and power of attorney closure without travel.",https://www.propertism.in/san-jose-ca/hyderabad-nri-sell-property/,587,yes,9,yes,INDEX,
/dallas-tx/hyderabad-nri-sell-property/,"Sell NRI Property in Hyderabad for Dallas, TX Residents | Propertism","Sell Your Hyderabad Property Seamlessly from Dallas, TX","Sell your Hyderabad property from Dallas, TX with Propertism. We manage pricing, buyer visits, legal vetting, and power of attorney closure without travel.",https://www.propertism.in/dallas-tx/hyderabad-nri-sell-property/,587,yes,9,yes,INDEX,
/london-uk/hyderabad-nri-sell-property/,Sell NRI Property in Hyderabad for London Residents | Propertism,End-to-End NRI Property Sale & Exit in Hyderabad from London,"Sell your Hyderabad property from London with Propertism. We manage pricing, buyer visits, legal vetting, and power of attorney closure without travel.",https://www.propertism.in/london-uk/hyderabad-nri-sell-property/,587,yes,9,yes,INDEX,
/toronto-canada/hyderabad-nri-sell-property/,Sell NRI Property in Hyderabad for Toronto Residents | Propertism,Trusted Hyderabad Property Selling for Overseas Owners in Toronto,"Sell your Hyderabad property from Toronto with Propertism. We manage pricing, buyer visits, legal vetting, and power of attorney closure without travel.",https://www.propertism.in/toronto-canada/hyderabad-nri-sell-property/,587,yes,9,yes,INDEX,
/dubai-uae/hyderabad-nri-sell-property/,Sell NRI Property in Hyderabad for Dubai Residents | Propertism,Professional NRI Property Sale Services in Hyderabad for Clients in Dubai,"Sell your Hyderabad property from Dubai with Propertism. We manage pricing, buyer visits, legal vetting, and power of attorney closure without travel.",https://www.propertism.in/dubai-uae/hyderabad-nri-sell-property/,587,yes,9,yes,INDEX,
/singapore/hyderabad-nri-sell-property/,Sell NRI Property in Hyderabad for Singapore Residents | Propertism,Sell Your Hyderabad Property Seamlessly from Singapore,"Sell your Hyderabad property from Singapore with Propertism. We manage pricing, buyer visits, legal vetting, and power of attorney closure without travel.",https://www.propertism.in/singapore/hyderabad-nri-sell-property/,587,yes,9,yes,INDEX,
/sydney-australia/hyderabad-nri-sell-property/,Sell NRI Property in Hyderabad for Sydney Residents | Propertism,Sell Your Hyderabad Property Seamlessly from Sydney,"Sell your Hyderabad property from Sydney with Propertism. We manage pricing, buyer visits, legal vetting, and power of attorney closure without travel.",https://www.propertism.in/sydney-australia/hyderabad-nri-sell-property/,587,yes,9,yes,INDEX,
/doha-qatar/hyderabad-nri-sell-property/,Sell NRI Property in Hyderabad for Doha Residents | Propertism,Professional NRI Property Sale Services in Hyderabad for Clients in Doha,"Sell your Hyderabad property from Doha with Propertism. We manage pricing, buyer visits, legal vetting, and power of attorney closure without travel.",https://www.propertism.in/doha-qatar/hyderabad-nri-sell-property/,587,yes,9,yes,INDEX,
/abu-dhabi/hyderabad-nri-sell-property/,Sell NRI Property in Hyderabad for Abu Dhabi Residents | Propertism,Protect and Sell Your Hyderabad Assets from Abu Dhabi Cleanly,"Sell your Hyderabad property from Abu Dhabi with Propertism. We manage pricing, buyer visits, legal vetting, and power of attorney closure without travel.",https://www.propertism.in/abu-dhabi/hyderabad-nri-sell-property/,587,yes,9,yes,INDEX,
/kuwait/hyderabad-nri-sell-property/,Sell NRI Property in Hyderabad for Kuwait City Residents | Propertism,Professional NRI Property Sale Services in Hyderabad for Clients in Kuwait City,"Sell your Hyderabad property from Kuwait City with Propertism. We manage pricing, buyer visits, legal vetting, and power of attorney closure without travel.",https://www.propertism.in/kuwait/hyderabad-nri-sell-property/,587,yes,9,yes,INDEX,
/saudi/hyderabad-nri-sell-property/,Sell NRI Property in Hyderabad for Riyadh Residents | Propertism,Protect and Sell Your Hyderabad Assets from Riyadh Cleanly,"Sell your Hyderabad property from Riyadh with Propertism. We manage pricing, buyer visits, legal vetting, and power of attorney closure without travel.",https://www.propertism.in/saudi/hyderabad-nri-sell-property/,587,yes,9,yes,INDEX,
/malaysia/hyderabad-nri-sell-property/,Sell NRI Property in Hyderabad for Kuala Lumpur Residents | Propertism,Sell Your Hyderabad Property Seamlessly from Kuala Lumpur,"Sell your Hyderabad property from Kuala Lumpur with Propertism. We manage pricing, buyer visits, legal vetting, and power of attorney closure without travel.",https://www.propertism.in/malaysia/hyderabad-nri-sell-property/,587,yes,9,yes,INDEX,
/hyderabad/nri-property-management/,NRI Property Management in Hyderabad | Trusted Remote Property Care | Propertism,NRI Property Management Services in Hyderabad,"Complete property management for NRIs in Hyderabad. We handle tenants, rent collection, inspections, compliance, and local coordination while you stay abroad.",https://www.propertism.in/hyderabad/nri-property-management/,558,yes,5,no,INDEX,
/hackensack-nj/hyderabad-nri-property-management/,"NRI Property Management in Hyderabad for Hackensack, NJ Residents | Propertism","Trusted Hyderabad Property Care for Overseas Owners in Hackensack, NJ","Manage your Hyderabad property from Hackensack, NJ with Propertism's end-to-end services. We handle inspections, tenant care, maintenance, and monthly updates.",https://www.propertism.in/hackensack-nj/hyderabad-nri-property-management/,558,yes,5,yes,INDEX,
/new-york-usa/hyderabad-nri-property-management/,NRI Property Management in Hyderabad for New York Residents | Propertism,Manage Your Hyderabad Property Seamlessly from New York,"Manage your Hyderabad property from New York with Propertism's end-to-end services. We handle inspections, tenant care, maintenance, and monthly updates.",https://www.propertism.in/new-york-usa/hyderabad-nri-property-management/,558,yes,5,yes,INDEX,
/san-jose-ca/hyderabad-nri-property-management/,"NRI Property Management in Hyderabad for San Jose, CA Residents | Propertism","Manage Your Hyderabad Property Seamlessly from San Jose, CA","Manage your Hyderabad property from San Jose, CA with Propertism's end-to-end services. We handle inspections, tenant care, maintenance, and monthly updates.",https://www.propertism.in/san-jose-ca/hyderabad-nri-property-management/,558,yes,5,yes,INDEX,
/dallas-tx/hyderabad-nri-property-management/,"NRI Property Management in Hyderabad for Dallas, TX Residents | Propertism","Manage Your Hyderabad Property Seamlessly from Dallas, TX","Manage your Hyderabad property from Dallas, TX with Propertism's end-to-end services. We handle inspections, tenant care, maintenance, and monthly updates.",https://www.propertism.in/dallas-tx/hyderabad-nri-property-management/,558,yes,5,yes,INDEX,
/london-uk/hyderabad-nri-property-management/,NRI Property Management in Hyderabad for London Residents | Propertism,End-to-End NRI Property Care Services in Hyderabad from London,"Manage your Hyderabad property from London with Propertism's end-to-end services. We handle inspections, tenant care, maintenance, and monthly updates.",https://www.propertism.in/london-uk/hyderabad-nri-property-management/,558,yes,5,yes,INDEX,
/toronto-canada/hyderabad-nri-property-management/,NRI Property Management in Hyderabad for Toronto Residents | Propertism,Trusted Hyderabad Property Care for Overseas Owners in Toronto,"Manage your Hyderabad property from Toronto with Propertism's end-to-end services. We handle inspections, tenant care, maintenance, and monthly updates.",https://www.propertism.in/toronto-canada/hyderabad-nri-property-management/,558,yes,5,yes,INDEX,
/dubai-uae/hyderabad-nri-property-management/,NRI Property Management in Hyderabad for Dubai Residents | Propertism,Professional NRI Property Management Services in Hyderabad for Owners in Dubai,"Manage your Hyderabad property from Dubai with Propertism's end-to-end services. We handle inspections, tenant care, maintenance, and monthly updates.",https://www.propertism.in/dubai-uae/hyderabad-nri-property-management/,558,yes,5,yes,INDEX,
/singapore/hyderabad-nri-property-management/,NRI Property Management in Hyderabad for Singapore Residents | Propertism,Manage Your Hyderabad Property Seamlessly from Singapore,"Manage your Hyderabad property from Singapore with Propertism's end-to-end services. We handle inspections, tenant care, maintenance, and monthly updates.",https://www.propertism.in/singapore/hyderabad-nri-property-management/,558,yes,5,yes,INDEX,
/sydney-australia/hyderabad-nri-property-management/,NRI Property Management in Hyderabad for Sydney Residents | Propertism,Manage Your Hyderabad Property Seamlessly from Sydney,"Manage your Hyderabad property from Sydney with Propertism's end-to-end services. We handle inspections, tenant care, maintenance, and monthly updates.",https://www.propertism.in/sydney-australia/hyderabad-nri-property-management/,558,yes,5,yes,INDEX,
/doha-qatar/hyderabad-nri-property-management/,NRI Property Management in Hyderabad for Doha Residents | Propertism,Professional NRI Property Management Services in Hyderabad for Owners in Doha,"Manage your Hyderabad property from Doha with Propertism's end-to-end services. We handle inspections, tenant care, maintenance, and monthly updates.",https://www.propertism.in/doha-qatar/hyderabad-nri-property-management/,558,yes,5,yes,INDEX,
/abu-dhabi/hyderabad-nri-property-management/,NRI Property Management in Hyderabad for Abu Dhabi Residents | Propertism,Protect and Manage Your Hyderabad Assets from Abu Dhabi,"Manage your Hyderabad property from Abu Dhabi with Propertism's end-to-end services. We handle inspections, tenant care, maintenance, and monthly updates.",https://www.propertism.in/abu-dhabi/hyderabad-nri-property-management/,558,yes,5,yes,INDEX,
/kuwait/hyderabad-nri-property-management/,NRI Property Management in Hyderabad for Kuwait City Residents | Propertism,Professional NRI Property Management Services in Hyderabad for Owners in Kuwait City,"Manage your Hyderabad property from Kuwait City with Propertism's end-to-end services. We handle inspections, tenant care, maintenance, and monthly updates.",https://www.propertism.in/kuwait/hyderabad-nri-property-management/,558,yes,5,yes,INDEX,
/saudi/hyderabad-nri-property-management/,NRI Property Management in Hyderabad for Riyadh Residents | Propertism,Protect and Manage Your Hyderabad Assets from Riyadh,"Manage your Hyderabad property from Riyadh with Propertism's end-to-end services. We handle inspections, tenant care, maintenance, and monthly updates.",https://www.propertism.in/saudi/hyderabad-nri-property-management/,558,yes,5,yes,INDEX,
/malaysia/hyderabad-nri-property-management/,NRI Property Management in Hyderabad for Kuala Lumpur Residents | Propertism,Manage Your Hyderabad Property Seamlessly from Kuala Lumpur,"Manage your Hyderabad property from Kuala Lumpur with Propertism's end-to-end services. We handle inspections, tenant care, maintenance, and monthly updates.",https://www.propertism.in/malaysia/hyderabad-nri-property-management/,558,yes,5,yes,INDEX,
/hyderabad/nri-rental-management/,"NRI Rental Management in Hyderabad | Tenants, Agreements, Rent Collection | Propertism",NRI Rental Management Services in Hyderabad,"Rent out and manage your property in Hyderabad without travel. We handle tenant sourcing, documentation, rent collection, and move-out coordination for NRIs.",https://www.propertism.in/hyderabad/nri-rental-management/,554,yes,5,no,INDEX,
/hackensack-nj/hyderabad-nri-rental-management/,"NRI Rental Management in Hyderabad for Hackensack, NJ Residents | Propertism","Trusted Hyderabad Tenant Placement for Overseas Landlords in Hackensack, NJ","Rent out your Hyderabad property from Hackensack, NJ seamlessly. Propertism handles tenant screening, rental documentation, registered agreements, and rent c...",https://www.propertism.in/hackensack-nj/hyderabad-nri-rental-management/,554,yes,5,yes,INDEX,
/new-york-usa/hyderabad-nri-rental-management/,NRI Rental Management in Hyderabad for New York Residents | Propertism,Rent Out Your Hyderabad Property Seamlessly from New York,"Rent out your Hyderabad property from New York seamlessly. Propertism handles tenant screening, rental documentation, registered agreements, and rent collect...",https://www.propertism.in/new-york-usa/hyderabad-nri-rental-management/,554,yes,5,yes,INDEX,
/san-jose-ca/hyderabad-nri-rental-management/,"NRI Rental Management in Hyderabad for San Jose, CA Residents | Propertism","Rent Out Your Hyderabad Property Seamlessly from San Jose, CA","Rent out your Hyderabad property from San Jose, CA seamlessly. Propertism handles tenant screening, rental documentation, registered agreements, and rent col...",https://www.propertism.in/san-jose-ca/hyderabad-nri-rental-management/,554,yes,5,yes,INDEX,
/dallas-tx/hyderabad-nri-rental-management/,"NRI Rental Management in Hyderabad for Dallas, TX Residents | Propertism","Rent Out Your Hyderabad Property Seamlessly from Dallas, TX","Rent out your Hyderabad property from Dallas, TX seamlessly. Propertism handles tenant screening, rental documentation, registered agreements, and rent colle...",https://www.propertism.in/dallas-tx/hyderabad-nri-rental-management/,554,yes,5,yes,INDEX,
/london-uk/hyderabad-nri-rental-management/,NRI Rental Management in Hyderabad for London Residents | Propertism,End-to-End NRI Rental Oversight in Hyderabad from London,"Rent out your Hyderabad property from London seamlessly. Propertism handles tenant screening, rental documentation, registered agreements, and rent collection.",https://www.propertism.in/london-uk/hyderabad-nri-rental-management/,554,yes,5,yes,INDEX,
/toronto-canada/hyderabad-nri-rental-management/,NRI Rental Management in Hyderabad for Toronto Residents | Propertism,Trusted Hyderabad Tenant Placement for Overseas Landlords in Toronto,"Rent out your Hyderabad property from Toronto seamlessly. Propertism handles tenant screening, rental documentation, registered agreements, and rent collection.",https://www.propertism.in/toronto-canada/hyderabad-nri-rental-management/,554,yes,5,yes,INDEX,
/dubai-uae/hyderabad-nri-rental-management/,NRI Rental Management in Hyderabad for Dubai Residents | Propertism,Professional NRI Rental Management Services in Hyderabad for Landlords in Dubai,"Rent out your Hyderabad property from Dubai seamlessly. Propertism handles tenant screening, rental documentation, registered agreements, and rent collection.",https://www.propertism.in/dubai-uae/hyderabad-nri-rental-management/,554,yes,5,yes,INDEX,
/singapore/hyderabad-nri-rental-management/,NRI Rental Management in Hyderabad for Singapore Residents | Propertism,Rent Out Your Hyderabad Property Seamlessly from Singapore,"Rent out your Hyderabad property from Singapore seamlessly. Propertism handles tenant screening, rental documentation, registered agreements, and rent collec...",https://www.propertism.in/singapore/hyderabad-nri-rental-management/,554,yes,5,yes,INDEX,
/sydney-australia/hyderabad-nri-rental-management/,NRI Rental Management in Hyderabad for Sydney Residents | Propertism,Rent Out Your Hyderabad Property Seamlessly from Sydney,"Rent out your Hyderabad property from Sydney seamlessly. Propertism handles tenant screening, rental documentation, registered agreements, and rent collection.",https://www.propertism.in/sydney-australia/hyderabad-nri-rental-management/,554,yes,5,yes,INDEX,
/doha-qatar/hyderabad-nri-rental-management/,NRI Rental Management in Hyderabad for Doha Residents | Propertism,Professional NRI Rental Management Services in Hyderabad for Landlords in Doha,"Rent out your Hyderabad property from Doha seamlessly. Propertism handles tenant screening, rental documentation, registered agreements, and rent collection.",https://www.propertism.in/doha-qatar/hyderabad-nri-rental-management/,554,yes,5,yes,INDEX,
/abu-dhabi/hyderabad-nri-rental-management/,NRI Rental Management in Hyderabad for Abu Dhabi Residents | Propertism,Maximize and Manage Your Hyderabad Rental Income from Abu Dhabi,"Rent out your Hyderabad property from Abu Dhabi seamlessly. Propertism handles tenant screening, rental documentation, registered agreements, and rent collec...",https://www.propertism.in/abu-dhabi/hyderabad-nri-rental-management/,554,yes,5,yes,INDEX,
/kuwait/hyderabad-nri-rental-management/,NRI Rental Management in Hyderabad for Kuwait City Residents | Propertism,Professional NRI Rental Management Services in Hyderabad for Landlords in Kuwait City,"Rent out your Hyderabad property from Kuwait City seamlessly. Propertism handles tenant screening, rental documentation, registered agreements, and rent coll...",https://www.propertism.in/kuwait/hyderabad-nri-rental-management/,554,yes,5,yes,INDEX,
/saudi/hyderabad-nri-rental-management/,NRI Rental Management in Hyderabad for Riyadh Residents | Propertism,Maximize and Manage Your Hyderabad Rental Income from Riyadh,"Rent out your Hyderabad property from Riyadh seamlessly. Propertism handles tenant screening, rental documentation, registered agreements, and rent collection.",https://www.propertism.in/saudi/hyderabad-nri-rental-management/,554,yes,5,yes,INDEX,
/malaysia/hyderabad-nri-rental-management/,NRI Rental Management in Hyderabad for Kuala Lumpur Residents | Propertism,Rent Out Your Hyderabad Property Seamlessly from Kuala Lumpur,"Rent out your Hyderabad property from Kuala Lumpur seamlessly. Propertism handles tenant screening, rental documentation, registered agreements, and rent col...",https://www.propertism.in/malaysia/hyderabad-nri-rental-management/,554,yes,5,yes,INDEX,
/hyderabad/nri-property-maintenance/,NRI Property Maintenance in Hyderabad | End-to-End Property Care | Propertism,NRI Property Maintenance & Upkeep in Hyderabad,"Keep your property in Hyderabad safe and maintained while you live abroad. Regular inspections, repairs, and vendor coordination handled for NRIs.",https://www.propertism.in/hyderabad/nri-property-maintenance/,551,yes,5,no,INDEX,
/hackensack-nj/hyderabad-nri-property-maintenance/,"NRI Property Maintenance in Hyderabad for Hackensack, NJ Residents | Propertism","Trusted Hyderabad Property Inspections & Upkeep for NRIs in Hackensack, NJ","Protect your Hyderabad property from Hackensack, NJ with scheduled inspections, professional repairs, monsoon prep, and verified photo-documented vendor upda...",https://www.propertism.in/hackensack-nj/hyderabad-nri-property-maintenance/,551,yes,5,yes,INDEX,
/new-york-usa/hyderabad-nri-property-maintenance/,NRI Property Maintenance in Hyderabad for New York Residents | Propertism,Maintain Your Hyderabad Property Seamlessly from New York,"Protect your Hyderabad property from New York with scheduled inspections, professional repairs, monsoon prep, and verified photo-documented vendor updates.",https://www.propertism.in/new-york-usa/hyderabad-nri-property-maintenance/,551,yes,5,yes,INDEX,
/san-jose-ca/hyderabad-nri-property-maintenance/,"NRI Property Maintenance in Hyderabad for San Jose, CA Residents | Propertism","Maintain Your Hyderabad Property Seamlessly from San Jose, CA","Protect your Hyderabad property from San Jose, CA with scheduled inspections, professional repairs, monsoon prep, and verified photo-documented vendor updates.",https://www.propertism.in/san-jose-ca/hyderabad-nri-property-maintenance/,551,yes,5,yes,INDEX,
/dallas-tx/hyderabad-nri-property-maintenance/,"NRI Property Maintenance in Hyderabad for Dallas, TX Residents | Propertism","Maintain Your Hyderabad Property Seamlessly from Dallas, TX","Protect your Hyderabad property from Dallas, TX with scheduled inspections, professional repairs, monsoon prep, and verified photo-documented vendor updates.",https://www.propertism.in/dallas-tx/hyderabad-nri-property-maintenance/,551,yes,5,yes,INDEX,
/london-uk/hyderabad-nri-property-maintenance/,NRI Property Maintenance in Hyderabad for London Residents | Propertism,End-to-End NRI Property Maintenance in Hyderabad from London,"Protect your Hyderabad property from London with scheduled inspections, professional repairs, monsoon prep, and verified photo-documented vendor updates.",https://www.propertism.in/london-uk/hyderabad-nri-property-maintenance/,551,yes,5,yes,INDEX,
/toronto-canada/hyderabad-nri-property-maintenance/,NRI Property Maintenance in Hyderabad for Toronto Residents | Propertism,Trusted Hyderabad Property Inspections & Upkeep for NRIs in Toronto,"Protect your Hyderabad property from Toronto with scheduled inspections, professional repairs, monsoon prep, and verified photo-documented vendor updates.",https://www.propertism.in/toronto-canada/hyderabad-nri-property-maintenance/,551,yes,5,yes,INDEX,
/dubai-uae/hyderabad-nri-property-maintenance/,NRI Property Maintenance in Hyderabad for Dubai Residents | Propertism,Professional NRI Property Maintenance & Upkeep in Hyderabad for Owners in Dubai,"Protect your Hyderabad property from Dubai with scheduled inspections, professional repairs, monsoon prep, and verified photo-documented vendor updates.",https://www.propertism.in/dubai-uae/hyderabad-nri-property-maintenance/,551,yes,5,yes,INDEX,
/singapore/hyderabad-nri-property-maintenance/,NRI Property Maintenance in Hyderabad for Singapore Residents | Propertism,Maintain Your Hyderabad Property Seamlessly from Singapore,"Protect your Hyderabad property from Singapore with scheduled inspections, professional repairs, monsoon prep, and verified photo-documented vendor updates.",https://www.propertism.in/singapore/hyderabad-nri-property-maintenance/,551,yes,5,yes,INDEX,
/sydney-australia/hyderabad-nri-property-maintenance/,NRI Property Maintenance in Hyderabad for Sydney Residents | Propertism,Maintain Your Hyderabad Property Seamlessly from Sydney,"Protect your Hyderabad property from Sydney with scheduled inspections, professional repairs, monsoon prep, and verified photo-documented vendor updates.",https://www.propertism.in/sydney-australia/hyderabad-nri-property-maintenance/,551,yes,5,yes,INDEX,
/doha-qatar/hyderabad-nri-property-maintenance/,NRI Property Maintenance in Hyderabad for Doha Residents | Propertism,Professional NRI Property Maintenance & Upkeep in Hyderabad for Owners in Doha,"Protect your Hyderabad property from Doha with scheduled inspections, professional repairs, monsoon prep, and verified photo-documented vendor updates.",https://www.propertism.in/doha-qatar/hyderabad-nri-property-maintenance/,551,yes,5,yes,INDEX,
/abu-dhabi/hyderabad-nri-property-maintenance/,NRI Property Maintenance in Hyderabad for Abu Dhabi Residents | Propertism,Protect and Secure Your Hyderabad Property from Abu Dhabi,"Protect your Hyderabad property from Abu Dhabi with scheduled inspections, professional repairs, monsoon prep, and verified photo-documented vendor updates.",https://www.propertism.in/abu-dhabi/hyderabad-nri-property-maintenance/,551,yes,5,yes,INDEX,
/kuwait/hyderabad-nri-property-maintenance/,NRI Property Maintenance in Hyderabad for Kuwait City Residents | Propertism,Professional NRI Property Maintenance & Upkeep in Hyderabad for Owners in Kuwait City,"Protect your Hyderabad property from Kuwait City with scheduled inspections, professional repairs, monsoon prep, and verified photo-documented vendor updates.",https://www.propertism.in/kuwait/hyderabad-nri-property-maintenance/,551,yes,5,yes,INDEX,
/saudi/hyderabad-nri-property-maintenance/,NRI Property Maintenance in Hyderabad for Riyadh Residents | Propertism,Protect and Secure Your Hyderabad Property from Riyadh,"Protect your Hyderabad property from Riyadh with scheduled inspections, professional repairs, monsoon prep, and verified photo-documented vendor updates.",https://www.propertism.in/saudi/hyderabad-nri-property-maintenance/,551,yes,5,yes,INDEX,
/malaysia/hyderabad-nri-property-maintenance/,NRI Property Maintenance in Hyderabad for Kuala Lumpur Residents | Propertism,Maintain Your Hyderabad Property Seamlessly from Kuala Lumpur,"Protect your Hyderabad property from Kuala Lumpur with scheduled inspections, professional repairs, monsoon prep, and verified photo-documented vendor updates.",https://www.propertism.in/malaysia/hyderabad-nri-property-maintenance/,551,yes,5,yes,INDEX,
/hyderabad/manage-property-from-abroad/,How to Manage Property in Hyderabad While Living Abroad | NRI Guide | Propertism,How to Manage Property in Hyderabad While Living Abroad,"Practical guidance for NRIs managing property in Hyderabad from abroad. Learn how to handle maintenance, tenants, selling, and local execution without constant ",https://www.propertism.in/hyderabad/manage-property-from-abroad/,569,yes,5,no,INDEX,
/hackensack-nj/hyderabad-manage-property-from-abroad/,"Remote Property Management in Hyderabad for Hackensack, NJ Residents | Propertism","Expert NRI Property Guidance for Residents in Hackensack, NJ | Hyderabad","How to manage your Hyderabad property from Hackensack, NJ. Practical remote guide covering maintenance, tenant handling, legal compliance, and trusted local ...",https://www.propertism.in/hackensack-nj/hyderabad-manage-property-from-abroad/,569,yes,5,yes,INDEX,
/new-york-usa/hyderabad-manage-property-from-abroad/,Remote Property Management in Hyderabad for New York Residents | Propertism,Manage Your Hyderabad Property Remotely from New York,"How to manage your Hyderabad property from New York. Practical remote guide covering maintenance, tenant handling, legal compliance, and trusted local partners.",https://www.propertism.in/new-york-usa/hyderabad-manage-property-from-abroad/,569,yes,5,yes,INDEX,
/san-jose-ca/hyderabad-manage-property-from-abroad/,"Remote Property Management in Hyderabad for San Jose, CA Residents | Propertism","Manage Your Hyderabad Property Remotely from San Jose, CA","How to manage your Hyderabad property from San Jose, CA. Practical remote guide covering maintenance, tenant handling, legal compliance, and trusted local pa...",https://www.propertism.in/san-jose-ca/hyderabad-manage-property-from-abroad/,569,yes,5,yes,INDEX,
/dallas-tx/hyderabad-manage-property-from-abroad/,"Remote Property Management in Hyderabad for Dallas, TX Residents | Propertism","Manage Your Hyderabad Property Remotely from Dallas, TX","How to manage your Hyderabad property from Dallas, TX. Practical remote guide covering maintenance, tenant handling, legal compliance, and trusted local part...",https://www.propertism.in/dallas-tx/hyderabad-manage-property-from-abroad/,569,yes,5,yes,INDEX,
/london-uk/hyderabad-manage-property-from-abroad/,Remote Property Management in Hyderabad for London Residents | Propertism,Remote Property Control and Management in Hyderabad for NRIs in London,"How to manage your Hyderabad property from London. Practical remote guide covering maintenance, tenant handling, legal compliance, and trusted local partners.",https://www.propertism.in/london-uk/hyderabad-manage-property-from-abroad/,569,yes,5,yes,INDEX,
/toronto-canada/hyderabad-manage-property-from-abroad/,Remote Property Management in Hyderabad for Toronto Residents | Propertism,Expert NRI Property Guidance for Residents in Toronto | Hyderabad,"How to manage your Hyderabad property from Toronto. Practical remote guide covering maintenance, tenant handling, legal compliance, and trusted local partners.",https://www.propertism.in/toronto-canada/hyderabad-manage-property-from-abroad/,569,yes,5,yes,INDEX,
/dubai-uae/hyderabad-manage-property-from-abroad/,Remote Property Management in Hyderabad for Dubai Residents | Propertism,Practical Guide: How to Manage Property in Hyderabad from Dubai,"How to manage your Hyderabad property from Dubai. Practical remote guide covering maintenance, tenant handling, legal compliance, and trusted local partners.",https://www.propertism.in/dubai-uae/hyderabad-manage-property-from-abroad/,569,yes,5,yes,INDEX,
/singapore/hyderabad-manage-property-from-abroad/,Remote Property Management in Hyderabad for Singapore Residents | Propertism,Manage Your Hyderabad Property Remotely from Singapore,"How to manage your Hyderabad property from Singapore. Practical remote guide covering maintenance, tenant handling, legal compliance, and trusted local partn...",https://www.propertism.in/singapore/hyderabad-manage-property-from-abroad/,569,yes,5,yes,INDEX,
/sydney-australia/hyderabad-manage-property-from-abroad/,Remote Property Management in Hyderabad for Sydney Residents | Propertism,Manage Your Hyderabad Property Remotely from Sydney,"How to manage your Hyderabad property from Sydney. Practical remote guide covering maintenance, tenant handling, legal compliance, and trusted local partners.",https://www.propertism.in/sydney-australia/hyderabad-manage-property-from-abroad/,569,yes,5,yes,INDEX,
/doha-qatar/hyderabad-manage-property-from-abroad/,Remote Property Management in Hyderabad for Doha Residents | Propertism,Practical Guide: How to Manage Property in Hyderabad from Doha,"How to manage your Hyderabad property from Doha. Practical remote guide covering maintenance, tenant handling, legal compliance, and trusted local partners.",https://www.propertism.in/doha-qatar/hyderabad-manage-property-from-abroad/,569,yes,5,yes,INDEX,
/abu-dhabi/hyderabad-manage-property-from-abroad/,Remote Property Management in Hyderabad for Abu Dhabi Residents | Propertism,Solve Your Hyderabad Property Challenges from Abu Dhabi,"How to manage your Hyderabad property from Abu Dhabi. Practical remote guide covering maintenance, tenant handling, legal compliance, and trusted local partn...",https://www.propertism.in/abu-dhabi/hyderabad-manage-property-from-abroad/,569,yes,5,yes,INDEX,
/kuwait/hyderabad-manage-property-from-abroad/,Remote Property Management in Hyderabad for Kuwait City Residents | Propertism,Practical Guide: How to Manage Property in Hyderabad from Kuwait City,"How to manage your Hyderabad property from Kuwait City. Practical remote guide covering maintenance, tenant handling, legal compliance, and trusted local par...",https://www.propertism.in/kuwait/hyderabad-manage-property-from-abroad/,569,yes,5,yes,INDEX,
/saudi/hyderabad-manage-property-from-abroad/,Remote Property Management in Hyderabad for Riyadh Residents | Propertism,Solve Your Hyderabad Property Challenges from Riyadh,"How to manage your Hyderabad property from Riyadh. Practical remote guide covering maintenance, tenant handling, legal compliance, and trusted local partners.",https://www.propertism.in/saudi/hyderabad-manage-property-from-abroad/,569,yes,5,yes,INDEX,
/malaysia/hyderabad-manage-property-from-abroad/,Remote Property Management in Hyderabad for Kuala Lumpur Residents | Propertism,Manage Your Hyderabad Property Remotely from Kuala Lumpur,"How to manage your Hyderabad property from Kuala Lumpur. Practical remote guide covering maintenance, tenant handling, legal compliance, and trusted local pa...",https://www.propertism.in/malaysia/hyderabad-manage-property-from-abroad/,569,yes,5,yes,INDEX,
/hyderabad/nri-property-legal-support/,NRI Property Legal Support in Hyderabad | Documentation & Compliance Help | Propertism,NRI Property Legal Support in Hyderabad,"Legal and documentation guidance for NRIs with property in Hyderabad. Understand ownership, compliance, and safe closure without repeated travel.",https://www.propertism.in/hyderabad/nri-property-legal-support/,550,yes,5,no,INDEX,
/hackensack-nj/hyderabad-nri-property-legal-support/,"NRI Property Legal Support in Hyderabad for Hackensack, NJ Residents | Propertism","Trusted Hyderabad Legal Documentation Support for NRIs in Hackensack, NJ","Coordinate Hyderabad property legal clearance from Hackensack, NJ. Propertism assists with title deeds search, document verification, registration, and compl...",https://www.propertism.in/hackensack-nj/hyderabad-nri-property-legal-support/,550,yes,5,yes,INDEX,
/new-york-usa/hyderabad-nri-property-legal-support/,NRI Property Legal Support in Hyderabad for New York Residents | Propertism,Handle Your Hyderabad Property Legal Vetting from New York,"Coordinate Hyderabad property legal clearance from New York. Propertism assists with title deeds search, document verification, registration, and compliance.",https://www.propertism.in/new-york-usa/hyderabad-nri-property-legal-support/,550,yes,5,yes,INDEX,
/san-jose-ca/hyderabad-nri-property-legal-support/,"NRI Property Legal Support in Hyderabad for San Jose, CA Residents | Propertism","Handle Your Hyderabad Property Legal Vetting from San Jose, CA","Coordinate Hyderabad property legal clearance from San Jose, CA. Propertism assists with title deeds search, document verification, registration, and complia...",https://www.propertism.in/san-jose-ca/hyderabad-nri-property-legal-support/,550,yes,5,yes,INDEX,
/dallas-tx/hyderabad-nri-property-legal-support/,"NRI Property Legal Support in Hyderabad for Dallas, TX Residents | Propertism","Handle Your Hyderabad Property Legal Vetting from Dallas, TX","Coordinate Hyderabad property legal clearance from Dallas, TX. Propertism assists with title deeds search, document verification, registration, and compliance.",https://www.propertism.in/dallas-tx/hyderabad-nri-property-legal-support/,550,yes,5,yes,INDEX,
/london-uk/hyderabad-nri-property-legal-support/,NRI Property Legal Support in Hyderabad for London Residents | Propertism,End-to-End NRI Property Legal Verification in Hyderabad from London,"Coordinate Hyderabad property legal clearance from London. Propertism assists with title deeds search, document verification, registration, and compliance.",https://www.propertism.in/london-uk/hyderabad-nri-property-legal-support/,550,yes,5,yes,INDEX,
/toronto-canada/hyderabad-nri-property-legal-support/,NRI Property Legal Support in Hyderabad for Toronto Residents | Propertism,Trusted Hyderabad Legal Documentation Support for NRIs in Toronto,"Coordinate Hyderabad property legal clearance from Toronto. Propertism assists with title deeds search, document verification, registration, and compliance.",https://www.propertism.in/toronto-canada/hyderabad-nri-property-legal-support/,550,yes,5,yes,INDEX,
/dubai-uae/hyderabad-nri-property-legal-support/,NRI Property Legal Support in Hyderabad for Dubai Residents | Propertism,Professional NRI Property Legal Support in Hyderabad for Clients in Dubai,"Coordinate Hyderabad property legal clearance from Dubai. Propertism assists with title deeds search, document verification, registration, and compliance.",https://www.propertism.in/dubai-uae/hyderabad-nri-property-legal-support/,550,yes,5,yes,INDEX,
/singapore/hyderabad-nri-property-legal-support/,NRI Property Legal Support in Hyderabad for Singapore Residents | Propertism,Handle Your Hyderabad Property Legal Vetting from Singapore,"Coordinate Hyderabad property legal clearance from Singapore. Propertism assists with title deeds search, document verification, registration, and compliance.",https://www.propertism.in/singapore/hyderabad-nri-property-legal-support/,550,yes,5,yes,INDEX,
/sydney-australia/hyderabad-nri-property-legal-support/,NRI Property Legal Support in Hyderabad for Sydney Residents | Propertism,Handle Your Hyderabad Property Legal Vetting from Sydney,"Coordinate Hyderabad property legal clearance from Sydney. Propertism assists with title deeds search, document verification, registration, and compliance.",https://www.propertism.in/sydney-australia/hyderabad-nri-property-legal-support/,550,yes,5,yes,INDEX,
/doha-qatar/hyderabad-nri-property-legal-support/,NRI Property Legal Support in Hyderabad for Doha Residents | Propertism,Professional NRI Property Legal Support in Hyderabad for Clients in Doha,"Coordinate Hyderabad property legal clearance from Doha. Propertism assists with title deeds search, document verification, registration, and compliance.",https://www.propertism.in/doha-qatar/hyderabad-nri-property-legal-support/,550,yes,5,yes,INDEX,
/abu-dhabi/hyderabad-nri-property-legal-support/,NRI Property Legal Support in Hyderabad for Abu Dhabi Residents | Propertism,Secure and Verify Your Hyderabad Property Documents from Abu Dhabi,"Coordinate Hyderabad property legal clearance from Abu Dhabi. Propertism assists with title deeds search, document verification, registration, and compliance.",https://www.propertism.in/abu-dhabi/hyderabad-nri-property-legal-support/,550,yes,5,yes,INDEX,
/kuwait/hyderabad-nri-property-legal-support/,NRI Property Legal Support in Hyderabad for Kuwait City Residents | Propertism,Professional NRI Property Legal Support in Hyderabad for Clients in Kuwait City,"Coordinate Hyderabad property legal clearance from Kuwait City. Propertism assists with title deeds search, document verification, registration, and compliance.",https://www.propertism.in/kuwait/hyderabad-nri-property-legal-support/,550,yes,5,yes,INDEX,
/saudi/hyderabad-nri-property-legal-support/,NRI Property Legal Support in Hyderabad for Riyadh Residents | Propertism,Secure and Verify Your Hyderabad Property Documents from Riyadh,"Coordinate Hyderabad property legal clearance from Riyadh. Propertism assists with title deeds search, document verification, registration, and compliance.",https://www.propertism.in/saudi/hyderabad-nri-property-legal-support/,550,yes,5,yes,INDEX,
/malaysia/hyderabad-nri-property-legal-support/,NRI Property Legal Support in Hyderabad for Kuala Lumpur Residents | Propertism,Handle Your Hyderabad Property Legal Vetting from Kuala Lumpur,"Coordinate Hyderabad property legal clearance from Kuala Lumpur. Propertism assists with title deeds search, document verification, registration, and complia...",https://www.propertism.in/malaysia/hyderabad-nri-property-legal-support/,550,yes,5,yes,INDEX,
/hyderabad/nri-power-of-attorney/,NRI Power of Attorney for Property in Hyderabad | POA Guidance | Propertism,NRI Power of Attorney for Property in Hyderabad,Understand power of attorney for NRI property in Hyderabad. We guide owners through safe POA setup and document coordination.,https://www.propertism.in/hyderabad/nri-power-of-attorney/,552,yes,5,no,INDEX,
/hackensack-nj/hyderabad-nri-power-of-attorney/,"NRI Power of Attorney in Hyderabad for Hackensack, NJ Residents | Propertism","Trusted Hyderabad POA Documentation & Registration for NRIs in Hackensack, NJ","Register a power of attorney for your Hyderabad property from Hackensack, NJ. We handle apostillation, notarisation, and sub-registrar filing without travel.",https://www.propertism.in/hackensack-nj/hyderabad-nri-power-of-attorney/,552,yes,5,yes,INDEX,
/new-york-usa/hyderabad-nri-power-of-attorney/,NRI Power of Attorney in Hyderabad for New York Residents | Propertism,Execute Your Hyderabad Power of Attorney from New York Safely,"Register a power of attorney for your Hyderabad property from New York. We handle apostillation, notarisation, and sub-registrar filing without travel.",https://www.propertism.in/new-york-usa/hyderabad-nri-power-of-attorney/,552,yes,5,yes,INDEX,
/san-jose-ca/hyderabad-nri-power-of-attorney/,"NRI Power of Attorney in Hyderabad for San Jose, CA Residents | Propertism","Execute Your Hyderabad Power of Attorney from San Jose, CA Safely","Register a power of attorney for your Hyderabad property from San Jose, CA. We handle apostillation, notarisation, and sub-registrar filing without travel.",https://www.propertism.in/san-jose-ca/hyderabad-nri-power-of-attorney/,552,yes,5,yes,INDEX,
/dallas-tx/hyderabad-nri-power-of-attorney/,"NRI Power of Attorney in Hyderabad for Dallas, TX Residents | Propertism","Execute Your Hyderabad Power of Attorney from Dallas, TX Safely","Register a power of attorney for your Hyderabad property from Dallas, TX. We handle apostillation, notarisation, and sub-registrar filing without travel.",https://www.propertism.in/dallas-tx/hyderabad-nri-power-of-attorney/,552,yes,5,yes,INDEX,
/london-uk/hyderabad-nri-power-of-attorney/,NRI Power of Attorney in Hyderabad for London Residents | Propertism,End-to-End NRI Power of Attorney Coordination in Hyderabad from London,"Register a power of attorney for your Hyderabad property from London. We handle apostillation, notarisation, and sub-registrar filing without travel.",https://www.propertism.in/london-uk/hyderabad-nri-power-of-attorney/,552,yes,5,yes,INDEX,
/toronto-canada/hyderabad-nri-power-of-attorney/,NRI Power of Attorney in Hyderabad for Toronto Residents | Propertism,Trusted Hyderabad POA Documentation & Registration for NRIs in Toronto,"Register a power of attorney for your Hyderabad property from Toronto. We handle apostillation, notarisation, and sub-registrar filing without travel.",https://www.propertism.in/toronto-canada/hyderabad-nri-power-of-attorney/,552,yes,5,yes,INDEX,
/dubai-uae/hyderabad-nri-power-of-attorney/,NRI Power of Attorney in Hyderabad for Dubai Residents | Propertism,Professional Power of Attorney Support in Hyderabad for NRIs in Dubai,"Register a power of attorney for your Hyderabad property from Dubai. We handle apostillation, notarisation, and sub-registrar filing without travel.",https://www.propertism.in/dubai-uae/hyderabad-nri-power-of-attorney/,552,yes,5,yes,INDEX,
/singapore/hyderabad-nri-power-of-attorney/,NRI Power of Attorney in Hyderabad for Singapore Residents | Propertism,Execute Your Hyderabad Power of Attorney from Singapore Safely,"Register a power of attorney for your Hyderabad property from Singapore. We handle apostillation, notarisation, and sub-registrar filing without travel.",https://www.propertism.in/singapore/hyderabad-nri-power-of-attorney/,552,yes,5,yes,INDEX,
/sydney-australia/hyderabad-nri-power-of-attorney/,NRI Power of Attorney in Hyderabad for Sydney Residents | Propertism,Execute Your Hyderabad Power of Attorney from Sydney Safely,"Register a power of attorney for your Hyderabad property from Sydney. We handle apostillation, notarisation, and sub-registrar filing without travel.",https://www.propertism.in/sydney-australia/hyderabad-nri-power-of-attorney/,552,yes,5,yes,INDEX,
/doha-qatar/hyderabad-nri-power-of-attorney/,NRI Power of Attorney in Hyderabad for Doha Residents | Propertism,Professional Power of Attorney Support in Hyderabad for NRIs in Doha,"Register a power of attorney for your Hyderabad property from Doha. We handle apostillation, notarisation, and sub-registrar filing without travel.",https://www.propertism.in/doha-qatar/hyderabad-nri-power-of-attorney/,552,yes,5,yes,INDEX,
/abu-dhabi/hyderabad-nri-power-of-attorney/,NRI Power of Attorney in Hyderabad for Abu Dhabi Residents | Propertism,Secure Your Hyderabad Assets via Power of Attorney from Abu Dhabi,"Register a power of attorney for your Hyderabad property from Abu Dhabi. We handle apostillation, notarisation, and sub-registrar filing without travel.",https://www.propertism.in/abu-dhabi/hyderabad-nri-power-of-attorney/,552,yes,5,yes,INDEX,
/kuwait/hyderabad-nri-power-of-attorney/,NRI Power of Attorney in Hyderabad for Kuwait City Residents | Propertism,Professional Power of Attorney Support in Hyderabad for NRIs in Kuwait City,"Register a power of attorney for your Hyderabad property from Kuwait City. We handle apostillation, notarisation, and sub-registrar filing without travel.",https://www.propertism.in/kuwait/hyderabad-nri-power-of-attorney/,552,yes,5,yes,INDEX,
/saudi/hyderabad-nri-power-of-attorney/,NRI Power of Attorney in Hyderabad for Riyadh Residents | Propertism,Secure Your Hyderabad Assets via Power of Attorney from Riyadh,"Register a power of attorney for your Hyderabad property from Riyadh. We handle apostillation, notarisation, and sub-registrar filing without travel.",https://www.propertism.in/saudi/hyderabad-nri-power-of-attorney/,552,yes,5,yes,INDEX,
/malaysia/hyderabad-nri-power-of-attorney/,NRI Power of Attorney in Hyderabad for Kuala Lumpur Residents | Propertism,Execute Your Hyderabad Power of Attorney from Kuala Lumpur Safely,"Register a power of attorney for your Hyderabad property from Kuala Lumpur. We handle apostillation, notarisation, and sub-registrar filing without travel.",https://www.propertism.in/malaysia/hyderabad-nri-power-of-attorney/,552,yes,5,yes,INDEX,
/hyderabad/nri-property-tax/,NRI Property Tax Guidance in Hyderabad | Compliance Support | Propertism,NRI Property Tax Guidance in Hyderabad,"Understand tax obligations for NRI property in Hyderabad. We help owners stay compliant while managing, renting, or selling from abroad.",https://www.propertism.in/hyderabad/nri-property-tax/,546,yes,5,no,INDEX,
/hackensack-nj/hyderabad-nri-property-tax/,"NRI Property Tax Guide in Hyderabad for Hackensack, NJ Residents | Propertism","Trusted Hyderabad Property Tax Guidance for NRIs in Hackensack, NJ","Manage and pay municipal property taxes for your Hyderabad assets from Hackensack, NJ. Prevent tax disputes, check land records, and ensure complete compliance.",https://www.propertism.in/hackensack-nj/hyderabad-nri-property-tax/,546,yes,5,yes,INDEX,
/new-york-usa/hyderabad-nri-property-tax/,NRI Property Tax Guide in Hyderabad for New York Residents | Propertism,Manage Your Hyderabad Property Tax Obligations from New York,"Manage and pay municipal property taxes for your Hyderabad assets from New York. Prevent tax disputes, check land records, and ensure complete compliance.",https://www.propertism.in/new-york-usa/hyderabad-nri-property-tax/,546,yes,5,yes,INDEX,
/san-jose-ca/hyderabad-nri-property-tax/,"NRI Property Tax Guide in Hyderabad for San Jose, CA Residents | Propertism","Manage Your Hyderabad Property Tax Obligations from San Jose, CA","Manage and pay municipal property taxes for your Hyderabad assets from San Jose, CA. Prevent tax disputes, check land records, and ensure complete compliance.",https://www.propertism.in/san-jose-ca/hyderabad-nri-property-tax/,546,yes,5,yes,INDEX,
/dallas-tx/hyderabad-nri-property-tax/,"NRI Property Tax Guide in Hyderabad for Dallas, TX Residents | Propertism","Manage Your Hyderabad Property Tax Obligations from Dallas, TX","Manage and pay municipal property taxes for your Hyderabad assets from Dallas, TX. Prevent tax disputes, check land records, and ensure complete compliance.",https://www.propertism.in/dallas-tx/hyderabad-nri-property-tax/,546,yes,5,yes,INDEX,
/london-uk/hyderabad-nri-property-tax/,NRI Property Tax Guide in Hyderabad for London Residents | Propertism,End-to-End NRI Property Tax Support in Hyderabad from London,"Manage and pay municipal property taxes for your Hyderabad assets from London. Prevent tax disputes, check land records, and ensure complete compliance.",https://www.propertism.in/london-uk/hyderabad-nri-property-tax/,546,yes,5,yes,INDEX,
/toronto-canada/hyderabad-nri-property-tax/,NRI Property Tax Guide in Hyderabad for Toronto Residents | Propertism,Trusted Hyderabad Property Tax Guidance for NRIs in Toronto,"Manage and pay municipal property taxes for your Hyderabad assets from Toronto. Prevent tax disputes, check land records, and ensure complete compliance.",https://www.propertism.in/toronto-canada/hyderabad-nri-property-tax/,546,yes,5,yes,INDEX,
/dubai-uae/hyderabad-nri-property-tax/,NRI Property Tax Guide in Hyderabad for Dubai Residents | Propertism,Professional NRI Property Tax Compliance & Filing in Hyderabad from Dubai,"Manage and pay municipal property taxes for your Hyderabad assets from Dubai. Prevent tax disputes, check land records, and ensure complete compliance.",https://www.propertism.in/dubai-uae/hyderabad-nri-property-tax/,546,yes,5,yes,INDEX,
/singapore/hyderabad-nri-property-tax/,NRI Property Tax Guide in Hyderabad for Singapore Residents | Propertism,Manage Your Hyderabad Property Tax Obligations from Singapore,"Manage and pay municipal property taxes for your Hyderabad assets from Singapore. Prevent tax disputes, check land records, and ensure complete compliance.",https://www.propertism.in/singapore/hyderabad-nri-property-tax/,546,yes,5,yes,INDEX,
/sydney-australia/hyderabad-nri-property-tax/,NRI Property Tax Guide in Hyderabad for Sydney Residents | Propertism,Manage Your Hyderabad Property Tax Obligations from Sydney,"Manage and pay municipal property taxes for your Hyderabad assets from Sydney. Prevent tax disputes, check land records, and ensure complete compliance.",https://www.propertism.in/sydney-australia/hyderabad-nri-property-tax/,546,yes,5,yes,INDEX,
/doha-qatar/hyderabad-nri-property-tax/,NRI Property Tax Guide in Hyderabad for Doha Residents | Propertism,Professional NRI Property Tax Compliance & Filing in Hyderabad from Doha,"Manage and pay municipal property taxes for your Hyderabad assets from Doha. Prevent tax disputes, check land records, and ensure complete compliance.",https://www.propertism.in/doha-qatar/hyderabad-nri-property-tax/,546,yes,5,yes,INDEX,
/abu-dhabi/hyderabad-nri-property-tax/,NRI Property Tax Guide in Hyderabad for Abu Dhabi Residents | Propertism,Pay and Manage Your Hyderabad Property Taxes from Abu Dhabi Safely,"Manage and pay municipal property taxes for your Hyderabad assets from Abu Dhabi. Prevent tax disputes, check land records, and ensure complete compliance.",https://www.propertism.in/abu-dhabi/hyderabad-nri-property-tax/,546,yes,5,yes,INDEX,
/kuwait/hyderabad-nri-property-tax/,NRI Property Tax Guide in Hyderabad for Kuwait City Residents | Propertism,Professional NRI Property Tax Compliance & Filing in Hyderabad from Kuwait City,"Manage and pay municipal property taxes for your Hyderabad assets from Kuwait City. Prevent tax disputes, check land records, and ensure complete compliance.",https://www.propertism.in/kuwait/hyderabad-nri-property-tax/,546,yes,5,yes,INDEX,
/saudi/hyderabad-nri-property-tax/,NRI Property Tax Guide in Hyderabad for Riyadh Residents | Propertism,Pay and Manage Your Hyderabad Property Taxes from Riyadh Safely,"Manage and pay municipal property taxes for your Hyderabad assets from Riyadh. Prevent tax disputes, check land records, and ensure complete compliance.",https://www.propertism.in/saudi/hyderabad-nri-property-tax/,546,yes,5,yes,INDEX,
/malaysia/hyderabad-nri-property-tax/,NRI Property Tax Guide in Hyderabad for Kuala Lumpur Residents | Propertism,Manage Your Hyderabad Property Tax Obligations from Kuala Lumpur,"Manage and pay municipal property taxes for your Hyderabad assets from Kuala Lumpur. Prevent tax disputes, check land records, and ensure complete compliance.",https://www.propertism.in/malaysia/hyderabad-nri-property-tax/,546,yes,5,yes,INDEX,
/hyderabad/nri-capital-gains/,NRI Capital Gains on Property in Hyderabad | Sell-Side Guidance | Propertism,NRI Capital Gains on Property in Hyderabad,Know how capital gains apply when NRIs sell property in Hyderabad. Practical guidance before pricing or closing decisions.,https://www.propertism.in/hyderabad/nri-capital-gains/,546,yes,5,no,INDEX,
/hackensack-nj/hyderabad-nri-capital-gains/,"NRI Capital Gains Tax Guide in Hyderabad for Hackensack, NJ Residents | Propertism","Trusted Hyderabad Capital Gains Advisory for NRI Sellers in Hackensack, NJ","Optimize capital gains tax on Hyderabad property sales from Hackensack, NJ. Learn about TDS deductions, tax exemptions, and secure international fund transfers.",https://www.propertism.in/hackensack-nj/hyderabad-nri-capital-gains/,546,yes,5,yes,INDEX,
/new-york-usa/hyderabad-nri-capital-gains/,NRI Capital Gains Tax Guide in Hyderabad for New York Residents | Propertism,Calculate and Optimize Your Hyderabad Property Capital Gains Tax from New York,"Optimize capital gains tax on Hyderabad property sales from New York. Learn about TDS deductions, tax exemptions, and secure international fund transfers.",https://www.propertism.in/new-york-usa/hyderabad-nri-capital-gains/,546,yes,5,yes,INDEX,
/san-jose-ca/hyderabad-nri-capital-gains/,"NRI Capital Gains Tax Guide in Hyderabad for San Jose, CA Residents | Propertism","Calculate and Optimize Your Hyderabad Property Capital Gains Tax from San Jose, CA","Optimize capital gains tax on Hyderabad property sales from San Jose, CA. Learn about TDS deductions, tax exemptions, and secure international fund transfers.",https://www.propertism.in/san-jose-ca/hyderabad-nri-capital-gains/,546,yes,5,yes,INDEX,
/dallas-tx/hyderabad-nri-capital-gains/,"NRI Capital Gains Tax Guide in Hyderabad for Dallas, TX Residents | Propertism","Calculate and Optimize Your Hyderabad Property Capital Gains Tax from Dallas, TX","Optimize capital gains tax on Hyderabad property sales from Dallas, TX. Learn about TDS deductions, tax exemptions, and secure international fund transfers.",https://www.propertism.in/dallas-tx/hyderabad-nri-capital-gains/,546,yes,5,yes,INDEX,
/london-uk/hyderabad-nri-capital-gains/,NRI Capital Gains Tax Guide in Hyderabad for London Residents | Propertism,End-to-End NRI Capital Gains Tax Coordination in Hyderabad from London,"Optimize capital gains tax on Hyderabad property sales from London. Learn about TDS deductions, tax exemptions, and secure international fund transfers.",https://www.propertism.in/london-uk/hyderabad-nri-capital-gains/,546,yes,5,yes,INDEX,
/toronto-canada/hyderabad-nri-capital-gains/,NRI Capital Gains Tax Guide in Hyderabad for Toronto Residents | Propertism,Trusted Hyderabad Capital Gains Advisory for NRI Sellers in Toronto,"Optimize capital gains tax on Hyderabad property sales from Toronto. Learn about TDS deductions, tax exemptions, and secure international fund transfers.",https://www.propertism.in/toronto-canada/hyderabad-nri-capital-gains/,546,yes,5,yes,INDEX,
/dubai-uae/hyderabad-nri-capital-gains/,NRI Capital Gains Tax Guide in Hyderabad for Dubai Residents | Propertism,Professional NRI Capital Gains Tax Planning for Hyderabad Property from Dubai,"Optimize capital gains tax on Hyderabad property sales from Dubai. Learn about TDS deductions, tax exemptions, and secure international fund transfers.",https://www.propertism.in/dubai-uae/hyderabad-nri-capital-gains/,546,yes,5,yes,INDEX,
/singapore/hyderabad-nri-capital-gains/,NRI Capital Gains Tax Guide in Hyderabad for Singapore Residents | Propertism,Calculate and Optimize Your Hyderabad Property Capital Gains Tax from Singapore,"Optimize capital gains tax on Hyderabad property sales from Singapore. Learn about TDS deductions, tax exemptions, and secure international fund transfers.",https://www.propertism.in/singapore/hyderabad-nri-capital-gains/,546,yes,5,yes,INDEX,
/sydney-australia/hyderabad-nri-capital-gains/,NRI Capital Gains Tax Guide in Hyderabad for Sydney Residents | Propertism,Calculate and Optimize Your Hyderabad Property Capital Gains Tax from Sydney,"Optimize capital gains tax on Hyderabad property sales from Sydney. Learn about TDS deductions, tax exemptions, and secure international fund transfers.",https://www.propertism.in/sydney-australia/hyderabad-nri-capital-gains/,546,yes,5,yes,INDEX,
/doha-qatar/hyderabad-nri-capital-gains/,NRI Capital Gains Tax Guide in Hyderabad for Doha Residents | Propertism,Professional NRI Capital Gains Tax Planning for Hyderabad Property from Doha,"Optimize capital gains tax on Hyderabad property sales from Doha. Learn about TDS deductions, tax exemptions, and secure international fund transfers.",https://www.propertism.in/doha-qatar/hyderabad-nri-capital-gains/,546,yes,5,yes,INDEX,
/abu-dhabi/hyderabad-nri-capital-gains/,NRI Capital Gains Tax Guide in Hyderabad for Abu Dhabi Residents | Propertism,Minimize Your Hyderabad Property Sale Tax Liability from Abu Dhabi,"Optimize capital gains tax on Hyderabad property sales from Abu Dhabi. Learn about TDS deductions, tax exemptions, and secure international fund transfers.",https://www.propertism.in/abu-dhabi/hyderabad-nri-capital-gains/,546,yes,5,yes,INDEX,
/kuwait/hyderabad-nri-capital-gains/,NRI Capital Gains Tax Guide in Hyderabad for Kuwait City Residents | Propertism,Professional NRI Capital Gains Tax Planning for Hyderabad Property from Kuwait City,"Optimize capital gains tax on Hyderabad property sales from Kuwait City. Learn about TDS deductions, tax exemptions, and secure international fund transfers.",https://www.propertism.in/kuwait/hyderabad-nri-capital-gains/,546,yes,5,yes,INDEX,
/saudi/hyderabad-nri-capital-gains/,NRI Capital Gains Tax Guide in Hyderabad for Riyadh Residents | Propertism,Minimize Your Hyderabad Property Sale Tax Liability from Riyadh,"Optimize capital gains tax on Hyderabad property sales from Riyadh. Learn about TDS deductions, tax exemptions, and secure international fund transfers.",https://www.propertism.in/saudi/hyderabad-nri-capital-gains/,546,yes,5,yes,INDEX,
/malaysia/hyderabad-nri-capital-gains/,NRI Capital Gains Tax Guide in Hyderabad for Kuala Lumpur Residents | Propertism,Calculate and Optimize Your Hyderabad Property Capital Gains Tax from Kuala Lumpur,"Optimize capital gains tax on Hyderabad property sales from Kuala Lumpur. Learn about TDS deductions, tax exemptions, and secure international fund transfers.",https://www.propertism.in/malaysia/hyderabad-nri-capital-gains/,546,yes,5,yes,INDEX,
/hyderabad/nri-buy-villas/,Villas in Hyderabad for NRIs | Secure Investment Options | Propertism,Premium Villas in Hyderabad for NRIs,"Verified villa investment opportunities in Hyderabad for NRIs. Remote legal handling, trusted documentation, and complete property management.",https://www.propertism.in/hyderabad/nri-buy-villas/,573,no,5,no,REVIEW,no_structured_data
/hackensack-nj/hyderabad-nri-buy-villas/,"NRI Villa Investment in Hyderabad for Hackensack, NJ Residents | Propertism","Trusted Hyderabad Villa Purchase & Management for Buyers in Hackensack, NJ","Buy premium gated community villas in Hyderabad from Hackensack, NJ safely. We offer verified property listings, remote legal support, and complete post-purc...",https://www.propertism.in/hackensack-nj/hyderabad-nri-buy-villas/,573,no,5,yes,REVIEW,no_structured_data
/new-york-usa/hyderabad-nri-buy-villas/,NRI Villa Investment in Hyderabad for New York Residents | Propertism,Invest in a Premium Hyderabad Villa from New York Safely,"Buy premium gated community villas in Hyderabad from New York safely. We offer verified property listings, remote legal support, and complete post-purchase c...",https://www.propertism.in/new-york-usa/hyderabad-nri-buy-villas/,573,no,5,yes,REVIEW,no_structured_data
/san-jose-ca/hyderabad-nri-buy-villas/,"NRI Villa Investment in Hyderabad for San Jose, CA Residents | Propertism","Invest in a Premium Hyderabad Villa from San Jose, CA Safely","Buy premium gated community villas in Hyderabad from San Jose, CA safely. We offer verified property listings, remote legal support, and complete post-purcha...",https://www.propertism.in/san-jose-ca/hyderabad-nri-buy-villas/,573,no,5,yes,REVIEW,no_structured_data
/dallas-tx/hyderabad-nri-buy-villas/,"NRI Villa Investment in Hyderabad for Dallas, TX Residents | Propertism","Invest in a Premium Hyderabad Villa from Dallas, TX Safely","Buy premium gated community villas in Hyderabad from Dallas, TX safely. We offer verified property listings, remote legal support, and complete post-purchase...",https://www.propertism.in/dallas-tx/hyderabad-nri-buy-villas/,573,no,5,yes,REVIEW,no_structured_data
/london-uk/hyderabad-nri-buy-villas/,NRI Villa Investment in Hyderabad for London Residents | Propertism,End-to-End Villa Acquisition Services in Hyderabad from London,"Buy premium gated community villas in Hyderabad from London safely. We offer verified property listings, remote legal support, and complete post-purchase care.",https://www.propertism.in/london-uk/hyderabad-nri-buy-villas/,573,no,5,yes,REVIEW,no_structured_data
/toronto-canada/hyderabad-nri-buy-villas/,NRI Villa Investment in Hyderabad for Toronto Residents | Propertism,Trusted Hyderabad Villa Purchase & Management for Buyers in Toronto,"Buy premium gated community villas in Hyderabad from Toronto safely. We offer verified property listings, remote legal support, and complete post-purchase care.",https://www.propertism.in/toronto-canada/hyderabad-nri-buy-villas/,573,no,5,yes,REVIEW,no_structured_data
/dubai-uae/hyderabad-nri-buy-villas/,NRI Villa Investment in Hyderabad for Dubai Residents | Propertism,Premium Villas in Hyderabad for NRI Investors in Dubai,"Buy premium gated community villas in Hyderabad from Dubai safely. We offer verified property listings, remote legal support, and complete post-purchase care.",https://www.propertism.in/dubai-uae/hyderabad-nri-buy-villas/,573,no,5,yes,REVIEW,no_structured_data
/singapore/hyderabad-nri-buy-villas/,NRI Villa Investment in Hyderabad for Singapore Residents | Propertism,Invest in a Premium Hyderabad Villa from Singapore Safely,"Buy premium gated community villas in Hyderabad from Singapore safely. We offer verified property listings, remote legal support, and complete post-purchase ...",https://www.propertism.in/singapore/hyderabad-nri-buy-villas/,573,no,5,yes,REVIEW,no_structured_data
/sydney-australia/hyderabad-nri-buy-villas/,NRI Villa Investment in Hyderabad for Sydney Residents | Propertism,Invest in a Premium Hyderabad Villa from Sydney Safely,"Buy premium gated community villas in Hyderabad from Sydney safely. We offer verified property listings, remote legal support, and complete post-purchase care.",https://www.propertism.in/sydney-australia/hyderabad-nri-buy-villas/,573,no,5,yes,REVIEW,no_structured_data
/doha-qatar/hyderabad-nri-buy-villas/,NRI Villa Investment in Hyderabad for Doha Residents | Propertism,Premium Villas in Hyderabad for NRI Investors in Doha,"Buy premium gated community villas in Hyderabad from Doha safely. We offer verified property listings, remote legal support, and complete post-purchase care.",https://www.propertism.in/doha-qatar/hyderabad-nri-buy-villas/,573,no,5,yes,REVIEW,no_structured_data
/abu-dhabi/hyderabad-nri-buy-villas/,NRI Villa Investment in Hyderabad for Abu Dhabi Residents | Propertism,Find Your Dream Villa in Hyderabad from Abu Dhabi with Propertism,"Buy premium gated community villas in Hyderabad from Abu Dhabi safely. We offer verified property listings, remote legal support, and complete post-purchase ...",https://www.propertism.in/abu-dhabi/hyderabad-nri-buy-villas/,573,no,5,yes,REVIEW,no_structured_data
/kuwait/hyderabad-nri-buy-villas/,NRI Villa Investment in Hyderabad for Kuwait City Residents | Propertism,Premium Villas in Hyderabad for NRI Investors in Kuwait City,"Buy premium gated community villas in Hyderabad from Kuwait City safely. We offer verified property listings, remote legal support, and complete post-purchas...",https://www.propertism.in/kuwait/hyderabad-nri-buy-villas/,573,no,5,yes,REVIEW,no_structured_data
/saudi/hyderabad-nri-buy-villas/,NRI Villa Investment in Hyderabad for Riyadh Residents | Propertism,Find Your Dream Villa in Hyderabad from Riyadh with Propertism,"Buy premium gated community villas in Hyderabad from Riyadh safely. We offer verified property listings, remote legal support, and complete post-purchase care.",https://www.propertism.in/saudi/hyderabad-nri-buy-villas/,573,no,5,yes,REVIEW,no_structured_data
/malaysia/hyderabad-nri-buy-villas/,NRI Villa Investment in Hyderabad for Kuala Lumpur Residents | Propertism,Invest in a Premium Hyderabad Villa from Kuala Lumpur Safely,"Buy premium gated community villas in Hyderabad from Kuala Lumpur safely. We offer verified property listings, remote legal support, and complete post-purcha...",https://www.propertism.in/malaysia/hyderabad-nri-buy-villas/,573,no,5,yes,REVIEW,no_structured_data
/hyderabad/nri-buy-flats/,Flats in Hyderabad for NRIs | High-Yield Apartments | Propertism,Apartments & Flats in Hyderabad for NRIs,"Buy verified flats in Hyderabad while living abroad. Full NRI support for property search, legal handling, and tenant management.",https://www.propertism.in/hyderabad/nri-buy-flats/,550,no,5,no,REVIEW,no_structured_data
/hackensack-nj/hyderabad-nri-buy-flats/,"NRI Flat Investment in Hyderabad for Hackensack, NJ Residents | Propertism","Trusted Hyderabad Apartment Purchase & Tenant Placement for NRIs in Hackensack, NJ","Invest in high-yield apartments and flats in Hyderabad from Hackensack, NJ safely. Get verified listings, clear title deeds verification, and tenant management.",https://www.propertism.in/hackensack-nj/hyderabad-nri-buy-flats/,550,no,5,yes,REVIEW,no_structured_data
/new-york-usa/hyderabad-nri-buy-flats/,NRI Flat Investment in Hyderabad for New York Residents | Propertism,Invest in a High-Yield Hyderabad Flat from New York Safely,"Invest in high-yield apartments and flats in Hyderabad from New York safely. Get verified listings, clear title deeds verification, and tenant management.",https://www.propertism.in/new-york-usa/hyderabad-nri-buy-flats/,550,no,5,yes,REVIEW,no_structured_data
/san-jose-ca/hyderabad-nri-buy-flats/,"NRI Flat Investment in Hyderabad for San Jose, CA Residents | Propertism","Invest in a High-Yield Hyderabad Flat from San Jose, CA Safely","Invest in high-yield apartments and flats in Hyderabad from San Jose, CA safely. Get verified listings, clear title deeds verification, and tenant management.",https://www.propertism.in/san-jose-ca/hyderabad-nri-buy-flats/,550,no,5,yes,REVIEW,no_structured_data
/dallas-tx/hyderabad-nri-buy-flats/,"NRI Flat Investment in Hyderabad for Dallas, TX Residents | Propertism","Invest in a High-Yield Hyderabad Flat from Dallas, TX Safely","Invest in high-yield apartments and flats in Hyderabad from Dallas, TX safely. Get verified listings, clear title deeds verification, and tenant management.",https://www.propertism.in/dallas-tx/hyderabad-nri-buy-flats/,550,no,5,yes,REVIEW,no_structured_data
/london-uk/hyderabad-nri-buy-flats/,NRI Flat Investment in Hyderabad for London Residents | Propertism,End-to-End Flat Acquisition & Management in Hyderabad from London,"Invest in high-yield apartments and flats in Hyderabad from London safely. Get verified listings, clear title deeds verification, and tenant management.",https://www.propertism.in/london-uk/hyderabad-nri-buy-flats/,550,no,5,yes,REVIEW,no_structured_data
/toronto-canada/hyderabad-nri-buy-flats/,NRI Flat Investment in Hyderabad for Toronto Residents | Propertism,Trusted Hyderabad Apartment Purchase & Tenant Placement for NRIs in Toronto,"Invest in high-yield apartments and flats in Hyderabad from Toronto safely. Get verified listings, clear title deeds verification, and tenant management.",https://www.propertism.in/toronto-canada/hyderabad-nri-buy-flats/,550,no,5,yes,REVIEW,no_structured_data
/dubai-uae/hyderabad-nri-buy-flats/,NRI Flat Investment in Hyderabad for Dubai Residents | Propertism,Apartments & Flats in Hyderabad for NRI Buyers in Dubai,"Invest in high-yield apartments and flats in Hyderabad from Dubai safely. Get verified listings, clear title deeds verification, and tenant management.",https://www.propertism.in/dubai-uae/hyderabad-nri-buy-flats/,550,no,5,yes,REVIEW,no_structured_data
/singapore/hyderabad-nri-buy-flats/,NRI Flat Investment in Hyderabad for Singapore Residents | Propertism,Invest in a High-Yield Hyderabad Flat from Singapore Safely,"Invest in high-yield apartments and flats in Hyderabad from Singapore safely. Get verified listings, clear title deeds verification, and tenant management.",https://www.propertism.in/singapore/hyderabad-nri-buy-flats/,550,no,5,yes,REVIEW,no_structured_data
/sydney-australia/hyderabad-nri-buy-flats/,NRI Flat Investment in Hyderabad for Sydney Residents | Propertism,Invest in a High-Yield Hyderabad Flat from Sydney Safely,"Invest in high-yield apartments and flats in Hyderabad from Sydney safely. Get verified listings, clear title deeds verification, and tenant management.",https://www.propertism.in/sydney-australia/hyderabad-nri-buy-flats/,550,no,5,yes,REVIEW,no_structured_data
/doha-qatar/hyderabad-nri-buy-flats/,NRI Flat Investment in Hyderabad for Doha Residents | Propertism,Apartments & Flats in Hyderabad for NRI Buyers in Doha,"Invest in high-yield apartments and flats in Hyderabad from Doha safely. Get verified listings, clear title deeds verification, and tenant management.",https://www.propertism.in/doha-qatar/hyderabad-nri-buy-flats/,550,no,5,yes,REVIEW,no_structured_data
/abu-dhabi/hyderabad-nri-buy-flats/,NRI Flat Investment in Hyderabad for Abu Dhabi Residents | Propertism,Find Verified Apartments & Flats in Hyderabad from Abu Dhabi,"Invest in high-yield apartments and flats in Hyderabad from Abu Dhabi safely. Get verified listings, clear title deeds verification, and tenant management.",https://www.propertism.in/abu-dhabi/hyderabad-nri-buy-flats/,550,no,5,yes,REVIEW,no_structured_data
/kuwait/hyderabad-nri-buy-flats/,NRI Flat Investment in Hyderabad for Kuwait City Residents | Propertism,Apartments & Flats in Hyderabad for NRI Buyers in Kuwait City,"Invest in high-yield apartments and flats in Hyderabad from Kuwait City safely. Get verified listings, clear title deeds verification, and tenant management.",https://www.propertism.in/kuwait/hyderabad-nri-buy-flats/,550,no,5,yes,REVIEW,no_structured_data
/saudi/hyderabad-nri-buy-flats/,NRI Flat Investment in Hyderabad for Riyadh Residents | Propertism,Find Verified Apartments & Flats in Hyderabad from Riyadh,"Invest in high-yield apartments and flats in Hyderabad from Riyadh safely. Get verified listings, clear title deeds verification, and tenant management.",https://www.propertism.in/saudi/hyderabad-nri-buy-flats/,550,no,5,yes,REVIEW,no_structured_data
/malaysia/hyderabad-nri-buy-flats/,NRI Flat Investment in Hyderabad for Kuala Lumpur Residents | Propertism,Invest in a High-Yield Hyderabad Flat from Kuala Lumpur Safely,"Invest in high-yield apartments and flats in Hyderabad from Kuala Lumpur safely. Get verified listings, clear title deeds verification, and tenant management.",https://www.propertism.in/malaysia/hyderabad-nri-buy-flats/,550,no,5,yes,REVIEW,no_structured_data
/hyderabad/nri-investment-properties/,High-Yield Property Investment in Hyderabad for NRIs | Propertism,NRI Property Investment Advisory in Hyderabad,Build a high-yield real estate portfolio in Hyderabad from overseas. Data-driven investment advisory and verified high-growth property listings.,https://www.propertism.in/hyderabad/nri-investment-properties/,554,no,5,no,REVIEW,no_structured_data
/hackensack-nj/hyderabad-nri-investment-properties/,"NRI Property Investment in Hyderabad for Hackensack, NJ Residents | Propertism","Trusted Hyderabad Real Estate Investment Advisory for Buyers in Hackensack, NJ","High-growth property investment options in Hyderabad for NRIs in Hackensack, NJ. Data-driven advisor search, title verification, and remote transaction assis...",https://www.propertism.in/hackensack-nj/hyderabad-nri-investment-properties/,554,no,5,yes,REVIEW,no_structured_data
/new-york-usa/hyderabad-nri-investment-properties/,NRI Property Investment in Hyderabad for New York Residents | Propertism,Build Your Hyderabad Real Estate Portfolio from New York,"High-growth property investment options in Hyderabad for NRIs in New York. Data-driven advisor search, title verification, and remote transaction assistance.",https://www.propertism.in/new-york-usa/hyderabad-nri-investment-properties/,554,no,5,yes,REVIEW,no_structured_data
/san-jose-ca/hyderabad-nri-investment-properties/,"NRI Property Investment in Hyderabad for San Jose, CA Residents | Propertism","Build Your Hyderabad Real Estate Portfolio from San Jose, CA","High-growth property investment options in Hyderabad for NRIs in San Jose, CA. Data-driven advisor search, title verification, and remote transaction assista...",https://www.propertism.in/san-jose-ca/hyderabad-nri-investment-properties/,554,no,5,yes,REVIEW,no_structured_data
/dallas-tx/hyderabad-nri-investment-properties/,"NRI Property Investment in Hyderabad for Dallas, TX Residents | Propertism","Build Your Hyderabad Real Estate Portfolio from Dallas, TX","High-growth property investment options in Hyderabad for NRIs in Dallas, TX. Data-driven advisor search, title verification, and remote transaction assistance.",https://www.propertism.in/dallas-tx/hyderabad-nri-investment-properties/,554,no,5,yes,REVIEW,no_structured_data
/london-uk/hyderabad-nri-investment-properties/,NRI Property Investment in Hyderabad for London Residents | Propertism,End-to-End Property Investment Services in Hyderabad from London,"High-growth property investment options in Hyderabad for NRIs in London. Data-driven advisor search, title verification, and remote transaction assistance.",https://www.propertism.in/london-uk/hyderabad-nri-investment-properties/,554,no,5,yes,REVIEW,no_structured_data
/toronto-canada/hyderabad-nri-investment-properties/,NRI Property Investment in Hyderabad for Toronto Residents | Propertism,Trusted Hyderabad Real Estate Investment Advisory for Buyers in Toronto,"High-growth property investment options in Hyderabad for NRIs in Toronto. Data-driven advisor search, title verification, and remote transaction assistance.",https://www.propertism.in/toronto-canada/hyderabad-nri-investment-properties/,554,no,5,yes,REVIEW,no_structured_data
/dubai-uae/hyderabad-nri-investment-properties/,NRI Property Investment in Hyderabad for Dubai Residents | Propertism,Verified Investment Properties in Hyderabad for NRI Investors in Dubai,"High-growth property investment options in Hyderabad for NRIs in Dubai. Data-driven advisor search, title verification, and remote transaction assistance.",https://www.propertism.in/dubai-uae/hyderabad-nri-investment-properties/,554,no,5,yes,REVIEW,no_structured_data
/singapore/hyderabad-nri-investment-properties/,NRI Property Investment in Hyderabad for Singapore Residents | Propertism,Build Your Hyderabad Real Estate Portfolio from Singapore,"High-growth property investment options in Hyderabad for NRIs in Singapore. Data-driven advisor search, title verification, and remote transaction assistance.",https://www.propertism.in/singapore/hyderabad-nri-investment-properties/,554,no,5,yes,REVIEW,no_structured_data
/sydney-australia/hyderabad-nri-investment-properties/,NRI Property Investment in Hyderabad for Sydney Residents | Propertism,Build Your Hyderabad Real Estate Portfolio from Sydney,"High-growth property investment options in Hyderabad for NRIs in Sydney. Data-driven advisor search, title verification, and remote transaction assistance.",https://www.propertism.in/sydney-australia/hyderabad-nri-investment-properties/,554,no,5,yes,REVIEW,no_structured_data
/doha-qatar/hyderabad-nri-investment-properties/,NRI Property Investment in Hyderabad for Doha Residents | Propertism,Verified Investment Properties in Hyderabad for NRI Investors in Doha,"High-growth property investment options in Hyderabad for NRIs in Doha. Data-driven advisor search, title verification, and remote transaction assistance.",https://www.propertism.in/doha-qatar/hyderabad-nri-investment-properties/,554,no,5,yes,REVIEW,no_structured_data
/abu-dhabi/hyderabad-nri-investment-properties/,NRI Property Investment in Hyderabad for Abu Dhabi Residents | Propertism,Maximize Your Hyderabad Property Investment ROI from Abu Dhabi,"High-growth property investment options in Hyderabad for NRIs in Abu Dhabi. Data-driven advisor search, title verification, and remote transaction assistance.",https://www.propertism.in/abu-dhabi/hyderabad-nri-investment-properties/,554,no,5,yes,REVIEW,no_structured_data
/kuwait/hyderabad-nri-investment-properties/,NRI Property Investment in Hyderabad for Kuwait City Residents | Propertism,Verified Investment Properties in Hyderabad for NRI Investors in Kuwait City,"High-growth property investment options in Hyderabad for NRIs in Kuwait City. Data-driven advisor search, title verification, and remote transaction assistance.",https://www.propertism.in/kuwait/hyderabad-nri-investment-properties/,554,no,5,yes,REVIEW,no_structured_data
/saudi/hyderabad-nri-investment-properties/,NRI Property Investment in Hyderabad for Riyadh Residents | Propertism,Maximize Your Hyderabad Property Investment ROI from Riyadh,"High-growth property investment options in Hyderabad for NRIs in Riyadh. Data-driven advisor search, title verification, and remote transaction assistance.",https://www.propertism.in/saudi/hyderabad-nri-investment-properties/,554,no,5,yes,REVIEW,no_structured_data
/malaysia/hyderabad-nri-investment-properties/,NRI Property Investment in Hyderabad for Kuala Lumpur Residents | Propertism,Build Your Hyderabad Real Estate Portfolio from Kuala Lumpur,"High-growth property investment options in Hyderabad for NRIs in Kuala Lumpur. Data-driven advisor search, title verification, and remote transaction assista...",https://www.propertism.in/malaysia/hyderabad-nri-investment-properties/,554,no,5,yes,REVIEW,no_structured_data
/hyderabad/nri-luxury-properties/,Luxury Real Estate in Hyderabad for NRIs | Premium Portfolio | Propertism,Premium Luxury Properties in Hyderabad for NRIs,Exclusive collection of luxury villas and apartments in Hyderabad for HNI and NRI investors. World-class amenities and prime location focus.,https://www.propertism.in/hyderabad/nri-luxury-properties/,546,no,5,no,REVIEW,no_structured_data
/hackensack-nj/hyderabad-nri-luxury-properties/,"NRI Luxury Properties in Hyderabad for Hackensack, NJ Residents | Propertism","Trusted Hyderabad Luxury Villa & Flat Search for Buyers in Hackensack, NJ","Explore premium luxury villas and flats in Hyderabad from Hackensack, NJ. Curated high-specification homes, verified documents, and on-ground transaction han...",https://www.propertism.in/hackensack-nj/hyderabad-nri-luxury-properties/,546,no,5,yes,REVIEW,no_structured_data
/new-york-usa/hyderabad-nri-luxury-properties/,NRI Luxury Properties in Hyderabad for New York Residents | Propertism,Invest in Luxury Real Estate in Hyderabad from New York Safely,"Explore premium luxury villas and flats in Hyderabad from New York. Curated high-specification homes, verified documents, and on-ground transaction handling.",https://www.propertism.in/new-york-usa/hyderabad-nri-luxury-properties/,546,no,5,yes,REVIEW,no_structured_data
/san-jose-ca/hyderabad-nri-luxury-properties/,"NRI Luxury Properties in Hyderabad for San Jose, CA Residents | Propertism","Invest in Luxury Real Estate in Hyderabad from San Jose, CA Safely","Explore premium luxury villas and flats in Hyderabad from San Jose, CA. Curated high-specification homes, verified documents, and on-ground transaction handl...",https://www.propertism.in/san-jose-ca/hyderabad-nri-luxury-properties/,546,no,5,yes,REVIEW,no_structured_data
/dallas-tx/hyderabad-nri-luxury-properties/,"NRI Luxury Properties in Hyderabad for Dallas, TX Residents | Propertism","Invest in Luxury Real Estate in Hyderabad from Dallas, TX Safely","Explore premium luxury villas and flats in Hyderabad from Dallas, TX. Curated high-specification homes, verified documents, and on-ground transaction handling.",https://www.propertism.in/dallas-tx/hyderabad-nri-luxury-properties/,546,no,5,yes,REVIEW,no_structured_data
/london-uk/hyderabad-nri-luxury-properties/,NRI Luxury Properties in Hyderabad for London Residents | Propertism,End-to-End Luxury Property Purchase & Management in Hyderabad from London,"Explore premium luxury villas and flats in Hyderabad from London. Curated high-specification homes, verified documents, and on-ground transaction handling.",https://www.propertism.in/london-uk/hyderabad-nri-luxury-properties/,546,no,5,yes,REVIEW,no_structured_data
/toronto-canada/hyderabad-nri-luxury-properties/,NRI Luxury Properties in Hyderabad for Toronto Residents | Propertism,Trusted Hyderabad Luxury Villa & Flat Search for Buyers in Toronto,"Explore premium luxury villas and flats in Hyderabad from Toronto. Curated high-specification homes, verified documents, and on-ground transaction handling.",https://www.propertism.in/toronto-canada/hyderabad-nri-luxury-properties/,546,no,5,yes,REVIEW,no_structured_data
/dubai-uae/hyderabad-nri-luxury-properties/,NRI Luxury Properties in Hyderabad for Dubai Residents | Propertism,Premium Luxury Properties in Hyderabad for HNI and NRI Buyers in Dubai,"Explore premium luxury villas and flats in Hyderabad from Dubai. Curated high-specification homes, verified documents, and on-ground transaction handling.",https://www.propertism.in/dubai-uae/hyderabad-nri-luxury-properties/,546,no,5,yes,REVIEW,no_structured_data
/singapore/hyderabad-nri-luxury-properties/,NRI Luxury Properties in Hyderabad for Singapore Residents | Propertism,Invest in Luxury Real Estate in Hyderabad from Singapore Safely,"Explore premium luxury villas and flats in Hyderabad from Singapore. Curated high-specification homes, verified documents, and on-ground transaction handling.",https://www.propertism.in/singapore/hyderabad-nri-luxury-properties/,546,no,5,yes,REVIEW,no_structured_data
/sydney-australia/hyderabad-nri-luxury-properties/,NRI Luxury Properties in Hyderabad for Sydney Residents | Propertism,Invest in Luxury Real Estate in Hyderabad from Sydney Safely,"Explore premium luxury villas and flats in Hyderabad from Sydney. Curated high-specification homes, verified documents, and on-ground transaction handling.",https://www.propertism.in/sydney-australia/hyderabad-nri-luxury-properties/,546,no,5,yes,REVIEW,no_structured_data
/doha-qatar/hyderabad-nri-luxury-properties/,NRI Luxury Properties in Hyderabad for Doha Residents | Propertism,Premium Luxury Properties in Hyderabad for HNI and NRI Buyers in Doha,"Explore premium luxury villas and flats in Hyderabad from Doha. Curated high-specification homes, verified documents, and on-ground transaction handling.",https://www.propertism.in/doha-qatar/hyderabad-nri-luxury-properties/,546,no,5,yes,REVIEW,no_structured_data
/abu-dhabi/hyderabad-nri-luxury-properties/,NRI Luxury Properties in Hyderabad for Abu Dhabi Residents | Propertism,Find Exclusive Luxury Homes in Hyderabad from Abu Dhabi,"Explore premium luxury villas and flats in Hyderabad from Abu Dhabi. Curated high-specification homes, verified documents, and on-ground transaction handling.",https://www.propertism.in/abu-dhabi/hyderabad-nri-luxury-properties/,546,no,5,yes,REVIEW,no_structured_data
/kuwait/hyderabad-nri-luxury-properties/,NRI Luxury Properties in Hyderabad for Kuwait City Residents | Propertism,Premium Luxury Properties in Hyderabad for HNI and NRI Buyers in Kuwait City,"Explore premium luxury villas and flats in Hyderabad from Kuwait City. Curated high-specification homes, verified documents, and on-ground transaction handling.",https://www.propertism.in/kuwait/hyderabad-nri-luxury-properties/,546,no,5,yes,REVIEW,no_structured_data
/saudi/hyderabad-nri-luxury-properties/,NRI Luxury Properties in Hyderabad for Riyadh Residents | Propertism,Find Exclusive Luxury Homes in Hyderabad from Riyadh,"Explore premium luxury villas and flats in Hyderabad from Riyadh. Curated high-specification homes, verified documents, and on-ground transaction handling.",https://www.propertism.in/saudi/hyderabad-nri-luxury-properties/,546,no,5,yes,REVIEW,no_structured_data
/malaysia/hyderabad-nri-luxury-properties/,NRI Luxury Properties in Hyderabad for Kuala Lumpur Residents | Propertism,Invest in Luxury Real Estate in Hyderabad from Kuala Lumpur Safely,"Explore premium luxury villas and flats in Hyderabad from Kuala Lumpur. Curated high-specification homes, verified documents, and on-ground transaction handl...",https://www.propertism.in/malaysia/hyderabad-nri-luxury-properties/,546,no,5,yes,REVIEW,no_structured_data
/hyderabad/flats-for-sale/,Flats for Sale in Hyderabad | Verified Apartments | Propertism,Apartments & Flats for Sale in Hyderabad,Browse verified flats for sale in Hyderabad. Direct builder listings with transparent pricing and complete documentation.,https://www.propertism.in/hyderabad/flats-for-sale/,542,no,5,no,REVIEW,no_structured_data
/hackensack-nj/hyderabad-flats-for-sale/,"Flats for Sale in Hyderabad for Hackensack, NJ Residents | Propertism","Trusted Hyderabad Flats for Sale — NRI Buying Support in Hackensack, NJ","Buy verified flats and apartments in Hyderabad from Hackensack, NJ with direct builder pricing, legal vetting, and full remote-first home buying coordination.",https://www.propertism.in/hackensack-nj/hyderabad-flats-for-sale/,542,no,5,yes,REVIEW,no_structured_data
/new-york-usa/hyderabad-flats-for-sale/,Flats for Sale in Hyderabad for New York Residents | Propertism,Buy a Flat in Hyderabad from New York with Complete Verification,"Buy verified flats and apartments in Hyderabad from New York with direct builder pricing, legal vetting, and full remote-first home buying coordination.",https://www.propertism.in/new-york-usa/hyderabad-flats-for-sale/,542,no,5,yes,REVIEW,no_structured_data
/san-jose-ca/hyderabad-flats-for-sale/,"Flats for Sale in Hyderabad for San Jose, CA Residents | Propertism","Buy a Flat in Hyderabad from San Jose, CA with Complete Verification","Buy verified flats and apartments in Hyderabad from San Jose, CA with direct builder pricing, legal vetting, and full remote-first home buying coordination.",https://www.propertism.in/san-jose-ca/hyderabad-flats-for-sale/,542,no,5,yes,REVIEW,no_structured_data
/dallas-tx/hyderabad-flats-for-sale/,"Flats for Sale in Hyderabad for Dallas, TX Residents | Propertism","Buy a Flat in Hyderabad from Dallas, TX with Complete Verification","Buy verified flats and apartments in Hyderabad from Dallas, TX with direct builder pricing, legal vetting, and full remote-first home buying coordination.",https://www.propertism.in/dallas-tx/hyderabad-flats-for-sale/,542,no,5,yes,REVIEW,no_structured_data
/london-uk/hyderabad-flats-for-sale/,Flats for Sale in Hyderabad for London Residents | Propertism,End-to-End Flat Purchase Services in Hyderabad from London,"Buy verified flats and apartments in Hyderabad from London with direct builder pricing, legal vetting, and full remote-first home buying coordination.",https://www.propertism.in/london-uk/hyderabad-flats-for-sale/,542,no,5,yes,REVIEW,no_structured_data
/toronto-canada/hyderabad-flats-for-sale/,Flats for Sale in Hyderabad for Toronto Residents | Propertism,Trusted Hyderabad Flats for Sale — NRI Buying Support in Toronto,"Buy verified flats and apartments in Hyderabad from Toronto with direct builder pricing, legal vetting, and full remote-first home buying coordination.",https://www.propertism.in/toronto-canada/hyderabad-flats-for-sale/,542,no,5,yes,REVIEW,no_structured_data
/dubai-uae/hyderabad-flats-for-sale/,Flats for Sale in Hyderabad for Dubai Residents | Propertism,Verified Apartments & Flats for Sale in Hyderabad for NRIs in Dubai,"Buy verified flats and apartments in Hyderabad from Dubai with direct builder pricing, legal vetting, and full remote-first home buying coordination.",https://www.propertism.in/dubai-uae/hyderabad-flats-for-sale/,542,no,5,yes,REVIEW,no_structured_data
/singapore/hyderabad-flats-for-sale/,Flats for Sale in Hyderabad for Singapore Residents | Propertism,Buy a Flat in Hyderabad from Singapore with Complete Verification,"Buy verified flats and apartments in Hyderabad from Singapore with direct builder pricing, legal vetting, and full remote-first home buying coordination.",https://www.propertism.in/singapore/hyderabad-flats-for-sale/,542,no,5,yes,REVIEW,no_structured_data
/sydney-australia/hyderabad-flats-for-sale/,Flats for Sale in Hyderabad for Sydney Residents | Propertism,Buy a Flat in Hyderabad from Sydney with Complete Verification,"Buy verified flats and apartments in Hyderabad from Sydney with direct builder pricing, legal vetting, and full remote-first home buying coordination.",https://www.propertism.in/sydney-australia/hyderabad-flats-for-sale/,542,no,5,yes,REVIEW,no_structured_data
/doha-qatar/hyderabad-flats-for-sale/,Flats for Sale in Hyderabad for Doha Residents | Propertism,Verified Apartments & Flats for Sale in Hyderabad for NRIs in Doha,"Buy verified flats and apartments in Hyderabad from Doha with direct builder pricing, legal vetting, and full remote-first home buying coordination.",https://www.propertism.in/doha-qatar/hyderabad-flats-for-sale/,542,no,5,yes,REVIEW,no_structured_data
/abu-dhabi/hyderabad-flats-for-sale/,Flats for Sale in Hyderabad for Abu Dhabi Residents | Propertism,Browse Verified Flats for Sale in Hyderabad from Abu Dhabi,"Buy verified flats and apartments in Hyderabad from Abu Dhabi with direct builder pricing, legal vetting, and full remote-first home buying coordination.",https://www.propertism.in/abu-dhabi/hyderabad-flats-for-sale/,542,no,5,yes,REVIEW,no_structured_data
/kuwait/hyderabad-flats-for-sale/,Flats for Sale in Hyderabad for Kuwait City Residents | Propertism,Verified Apartments & Flats for Sale in Hyderabad for NRIs in Kuwait City,"Buy verified flats and apartments in Hyderabad from Kuwait City with direct builder pricing, legal vetting, and full remote-first home buying coordination.",https://www.propertism.in/kuwait/hyderabad-flats-for-sale/,542,no,5,yes,REVIEW,no_structured_data
/saudi/hyderabad-flats-for-sale/,Flats for Sale in Hyderabad for Riyadh Residents | Propertism,Browse Verified Flats for Sale in Hyderabad from Riyadh,"Buy verified flats and apartments in Hyderabad from Riyadh with direct builder pricing, legal vetting, and full remote-first home buying coordination.",https://www.propertism.in/saudi/hyderabad-flats-for-sale/,542,no,5,yes,REVIEW,no_structured_data
/malaysia/hyderabad-flats-for-sale/,Flats for Sale in Hyderabad for Kuala Lumpur Residents | Propertism,Buy a Flat in Hyderabad from Kuala Lumpur with Complete Verification,"Buy verified flats and apartments in Hyderabad from Kuala Lumpur with direct builder pricing, legal vetting, and full remote-first home buying coordination.",https://www.propertism.in/malaysia/hyderabad-flats-for-sale/,542,no,5,yes,REVIEW,no_structured_data
/hyderabad/villas-for-sale/,Villas for Sale in Hyderabad | Independent Houses | Propertism,Independent Houses & Villas for Sale in Hyderabad,Latest villas and independent houses for sale in Hyderabad. Premium gated communities and luxury individual homes.,https://www.propertism.in/hyderabad/villas-for-sale/,536,no,5,no,REVIEW,no_structured_data
/hackensack-nj/hyderabad-villas-for-sale/,"Villas for Sale in Hyderabad for Hackensack, NJ Residents | Propertism","Trusted Hyderabad Villas for Sale — NRI Purchase Support in Hackensack, NJ","Buy independent houses and gated villas in Hyderabad from Hackensack, NJ. Complete document verification, remote legal assistance, and post-purchase management.",https://www.propertism.in/hackensack-nj/hyderabad-villas-for-sale/,536,no,5,yes,REVIEW,no_structured_data
/new-york-usa/hyderabad-villas-for-sale/,Villas for Sale in Hyderabad for New York Residents | Propertism,Buy a Villa in Hyderabad from New York with Complete Legal Vetting,"Buy independent houses and gated villas in Hyderabad from New York. Complete document verification, remote legal assistance, and post-purchase management.",https://www.propertism.in/new-york-usa/hyderabad-villas-for-sale/,536,no,5,yes,REVIEW,no_structured_data
/san-jose-ca/hyderabad-villas-for-sale/,"Villas for Sale in Hyderabad for San Jose, CA Residents | Propertism","Buy a Villa in Hyderabad from San Jose, CA with Complete Legal Vetting","Buy independent houses and gated villas in Hyderabad from San Jose, CA. Complete document verification, remote legal assistance, and post-purchase management.",https://www.propertism.in/san-jose-ca/hyderabad-villas-for-sale/,536,no,5,yes,REVIEW,no_structured_data
/dallas-tx/hyderabad-villas-for-sale/,"Villas for Sale in Hyderabad for Dallas, TX Residents | Propertism","Buy a Villa in Hyderabad from Dallas, TX with Complete Legal Vetting","Buy independent houses and gated villas in Hyderabad from Dallas, TX. Complete document verification, remote legal assistance, and post-purchase management.",https://www.propertism.in/dallas-tx/hyderabad-villas-for-sale/,536,no,5,yes,REVIEW,no_structured_data
/london-uk/hyderabad-villas-for-sale/,Villas for Sale in Hyderabad for London Residents | Propertism,End-to-End Villa Purchase Coordination in Hyderabad from London,"Buy independent houses and gated villas in Hyderabad from London. Complete document verification, remote legal assistance, and post-purchase management.",https://www.propertism.in/london-uk/hyderabad-villas-for-sale/,536,no,5,yes,REVIEW,no_structured_data
/toronto-canada/hyderabad-villas-for-sale/,Villas for Sale in Hyderabad for Toronto Residents | Propertism,Trusted Hyderabad Villas for Sale — NRI Purchase Support in Toronto,"Buy independent houses and gated villas in Hyderabad from Toronto. Complete document verification, remote legal assistance, and post-purchase management.",https://www.propertism.in/toronto-canada/hyderabad-villas-for-sale/,536,no,5,yes,REVIEW,no_structured_data
/dubai-uae/hyderabad-villas-for-sale/,Villas for Sale in Hyderabad for Dubai Residents | Propertism,Premium Independent Houses & Villas for Sale in Hyderabad for NRIs in Dubai,"Buy independent houses and gated villas in Hyderabad from Dubai. Complete document verification, remote legal assistance, and post-purchase management.",https://www.propertism.in/dubai-uae/hyderabad-villas-for-sale/,536,no,5,yes,REVIEW,no_structured_data
/singapore/hyderabad-villas-for-sale/,Villas for Sale in Hyderabad for Singapore Residents | Propertism,Buy a Villa in Hyderabad from Singapore with Complete Legal Vetting,"Buy independent houses and gated villas in Hyderabad from Singapore. Complete document verification, remote legal assistance, and post-purchase management.",https://www.propertism.in/singapore/hyderabad-villas-for-sale/,536,no,5,yes,REVIEW,no_structured_data
/sydney-australia/hyderabad-villas-for-sale/,Villas for Sale in Hyderabad for Sydney Residents | Propertism,Buy a Villa in Hyderabad from Sydney with Complete Legal Vetting,"Buy independent houses and gated villas in Hyderabad from Sydney. Complete document verification, remote legal assistance, and post-purchase management.",https://www.propertism.in/sydney-australia/hyderabad-villas-for-sale/,536,no,5,yes,REVIEW,no_structured_data
/doha-qatar/hyderabad-villas-for-sale/,Villas for Sale in Hyderabad for Doha Residents | Propertism,Premium Independent Houses & Villas for Sale in Hyderabad for NRIs in Doha,"Buy independent houses and gated villas in Hyderabad from Doha. Complete document verification, remote legal assistance, and post-purchase management.",https://www.propertism.in/doha-qatar/hyderabad-villas-for-sale/,536,no,5,yes,REVIEW,no_structured_data
/abu-dhabi/hyderabad-villas-for-sale/,Villas for Sale in Hyderabad for Abu Dhabi Residents | Propertism,Browse Verified Villas & Houses for Sale in Hyderabad from Abu Dhabi,"Buy independent houses and gated villas in Hyderabad from Abu Dhabi. Complete document verification, remote legal assistance, and post-purchase management.",https://www.propertism.in/abu-dhabi/hyderabad-villas-for-sale/,536,no,5,yes,REVIEW,no_structured_data
/kuwait/hyderabad-villas-for-sale/,Villas for Sale in Hyderabad for Kuwait City Residents | Propertism,Premium Independent Houses & Villas for Sale in Hyderabad for NRIs in Kuwait City,"Buy independent houses and gated villas in Hyderabad from Kuwait City. Complete document verification, remote legal assistance, and post-purchase management.",https://www.propertism.in/kuwait/hyderabad-villas-for-sale/,536,no,5,yes,REVIEW,no_structured_data
/saudi/hyderabad-villas-for-sale/,Villas for Sale in Hyderabad for Riyadh Residents | Propertism,Browse Verified Villas & Houses for Sale in Hyderabad from Riyadh,"Buy independent houses and gated villas in Hyderabad from Riyadh. Complete document verification, remote legal assistance, and post-purchase management.",https://www.propertism.in/saudi/hyderabad-villas-for-sale/,536,no,5,yes,REVIEW,no_structured_data
/malaysia/hyderabad-villas-for-sale/,Villas for Sale in Hyderabad for Kuala Lumpur Residents | Propertism,Buy a Villa in Hyderabad from Kuala Lumpur with Complete Legal Vetting,"Buy independent houses and gated villas in Hyderabad from Kuala Lumpur. Complete document verification, remote legal assistance, and post-purchase management.",https://www.propertism.in/malaysia/hyderabad-villas-for-sale/,536,no,5,yes,REVIEW,no_structured_data
/hyderabad/flats-for-rent/,Flats for Rent in Hyderabad | Verified Rentals | Propertism,Apartments & Flats for Rent in Hyderabad,Find verified flats for rent in Hyderabad. Top residential locations with professional tenant services.,https://www.propertism.in/hyderabad/flats-for-rent/,547,no,5,no,REVIEW,no_structured_data
/hackensack-nj/hyderabad-flats-for-rent/,"Flats for Rent in Hyderabad for Hackensack, NJ Residents | Propertism","Trusted Hyderabad Rental Listings & Agreement Assistance in Hackensack, NJ","Rent verified flats and apartments in Hyderabad from Hackensack, NJ with professional tenancy support, legal rental agreements, and secure security deposit h...",https://www.propertism.in/hackensack-nj/hyderabad-flats-for-rent/,547,no,5,yes,REVIEW,no_structured_data
/new-york-usa/hyderabad-flats-for-rent/,Flats for Rent in Hyderabad for New York Residents | Propertism,Rent a Flat in Hyderabad from New York with Managed Tenancy Support,"Rent verified flats and apartments in Hyderabad from New York with professional tenancy support, legal rental agreements, and secure security deposit handling.",https://www.propertism.in/new-york-usa/hyderabad-flats-for-rent/,547,no,5,yes,REVIEW,no_structured_data
/san-jose-ca/hyderabad-flats-for-rent/,"Flats for Rent in Hyderabad for San Jose, CA Residents | Propertism","Rent a Flat in Hyderabad from San Jose, CA with Managed Tenancy Support","Rent verified flats and apartments in Hyderabad from San Jose, CA with professional tenancy support, legal rental agreements, and secure security deposit han...",https://www.propertism.in/san-jose-ca/hyderabad-flats-for-rent/,547,no,5,yes,REVIEW,no_structured_data
/dallas-tx/hyderabad-flats-for-rent/,"Flats for Rent in Hyderabad for Dallas, TX Residents | Propertism","Rent a Flat in Hyderabad from Dallas, TX with Managed Tenancy Support","Rent verified flats and apartments in Hyderabad from Dallas, TX with professional tenancy support, legal rental agreements, and secure security deposit handl...",https://www.propertism.in/dallas-tx/hyderabad-flats-for-rent/,547,no,5,yes,REVIEW,no_structured_data
/london-uk/hyderabad-flats-for-rent/,Flats for Rent in Hyderabad for London Residents | Propertism,End-to-End Tenant Placement & Rental Services in Hyderabad from London,"Rent verified flats and apartments in Hyderabad from London with professional tenancy support, legal rental agreements, and secure security deposit handling.",https://www.propertism.in/london-uk/hyderabad-flats-for-rent/,547,no,5,yes,REVIEW,no_structured_data
/toronto-canada/hyderabad-flats-for-rent/,Flats for Rent in Hyderabad for Toronto Residents | Propertism,Trusted Hyderabad Rental Listings & Agreement Assistance in Toronto,"Rent verified flats and apartments in Hyderabad from Toronto with professional tenancy support, legal rental agreements, and secure security deposit handling.",https://www.propertism.in/toronto-canada/hyderabad-flats-for-rent/,547,no,5,yes,REVIEW,no_structured_data
/dubai-uae/hyderabad-flats-for-rent/,Flats for Rent in Hyderabad for Dubai Residents | Propertism,Verified Apartments & Flats for Rent in Hyderabad for Tenants from Dubai,"Rent verified flats and apartments in Hyderabad from Dubai with professional tenancy support, legal rental agreements, and secure security deposit handling.",https://www.propertism.in/dubai-uae/hyderabad-flats-for-rent/,547,no,5,yes,REVIEW,no_structured_data
/singapore/hyderabad-flats-for-rent/,Flats for Rent in Hyderabad for Singapore Residents | Propertism,Rent a Flat in Hyderabad from Singapore with Managed Tenancy Support,"Rent verified flats and apartments in Hyderabad from Singapore with professional tenancy support, legal rental agreements, and secure security deposit handling.",https://www.propertism.in/singapore/hyderabad-flats-for-rent/,547,no,5,yes,REVIEW,no_structured_data
/sydney-australia/hyderabad-flats-for-rent/,Flats for Rent in Hyderabad for Sydney Residents | Propertism,Rent a Flat in Hyderabad from Sydney with Managed Tenancy Support,"Rent verified flats and apartments in Hyderabad from Sydney with professional tenancy support, legal rental agreements, and secure security deposit handling.",https://www.propertism.in/sydney-australia/hyderabad-flats-for-rent/,547,no,5,yes,REVIEW,no_structured_data
/doha-qatar/hyderabad-flats-for-rent/,Flats for Rent in Hyderabad for Doha Residents | Propertism,Verified Apartments & Flats for Rent in Hyderabad for Tenants from Doha,"Rent verified flats and apartments in Hyderabad from Doha with professional tenancy support, legal rental agreements, and secure security deposit handling.",https://www.propertism.in/doha-qatar/hyderabad-flats-for-rent/,547,no,5,yes,REVIEW,no_structured_data
/abu-dhabi/hyderabad-flats-for-rent/,Flats for Rent in Hyderabad for Abu Dhabi Residents | Propertism,Browse Verified Flats & Apartments for Rent in Hyderabad from Abu Dhabi,"Rent verified flats and apartments in Hyderabad from Abu Dhabi with professional tenancy support, legal rental agreements, and secure security deposit handling.",https://www.propertism.in/abu-dhabi/hyderabad-flats-for-rent/,547,no,5,yes,REVIEW,no_structured_data
/kuwait/hyderabad-flats-for-rent/,Flats for Rent in Hyderabad for Kuwait City Residents | Propertism,Verified Apartments & Flats for Rent in Hyderabad for Tenants from Kuwait City,"Rent verified flats and apartments in Hyderabad from Kuwait City with professional tenancy support, legal rental agreements, and secure security deposit hand...",https://www.propertism.in/kuwait/hyderabad-flats-for-rent/,547,no,5,yes,REVIEW,no_structured_data
/saudi/hyderabad-flats-for-rent/,Flats for Rent in Hyderabad for Riyadh Residents | Propertism,Browse Verified Flats & Apartments for Rent in Hyderabad from Riyadh,"Rent verified flats and apartments in Hyderabad from Riyadh with professional tenancy support, legal rental agreements, and secure security deposit handling.",https://www.propertism.in/saudi/hyderabad-flats-for-rent/,547,no,5,yes,REVIEW,no_structured_data
/malaysia/hyderabad-flats-for-rent/,Flats for Rent in Hyderabad for Kuala Lumpur Residents | Propertism,Rent a Flat in Hyderabad from Kuala Lumpur with Managed Tenancy Support,"Rent verified flats and apartments in Hyderabad from Kuala Lumpur with professional tenancy support, legal rental agreements, and secure security deposit han...",https://www.propertism.in/malaysia/hyderabad-flats-for-rent/,547,no,5,yes,REVIEW,no_structured_data
/hyderabad/budget-properties/,Budget Properties in Hyderabad | Affordable Housing | Propertism,Affordable Homes & Budget Properties in Hyderabad,Latest pocket-friendly apartments and homes for sale in Hyderabad. Real estate options for first-time buyers and budget-conscious investors.,https://www.propertism.in/hyderabad/budget-properties/,542,no,5,no,REVIEW,no_structured_data
/hackensack-nj/hyderabad-budget-properties/,"Budget Properties in Hyderabad for Hackensack, NJ Residents | Propertism","Trusted Hyderabad Budget Apartments for Sale for Buyers in Hackensack, NJ","Affordable homes and budget apartments in Hyderabad from Hackensack, NJ under 60 lakhs. Verified listings, home loan coordination, and remote purchase assist...",https://www.propertism.in/hackensack-nj/hyderabad-budget-properties/,542,no,5,yes,REVIEW,no_structured_data
/new-york-usa/hyderabad-budget-properties/,Budget Properties in Hyderabad for New York Residents | Propertism,Invest in Budget-Friendly Real Estate in Hyderabad from New York,"Affordable homes and budget apartments in Hyderabad from New York under 60 lakhs. Verified listings, home loan coordination, and remote purchase assistance.",https://www.propertism.in/new-york-usa/hyderabad-budget-properties/,542,no,5,yes,REVIEW,no_structured_data
/san-jose-ca/hyderabad-budget-properties/,"Budget Properties in Hyderabad for San Jose, CA Residents | Propertism","Invest in Budget-Friendly Real Estate in Hyderabad from San Jose, CA","Affordable homes and budget apartments in Hyderabad from San Jose, CA under 60 lakhs. Verified listings, home loan coordination, and remote purchase assistance.",https://www.propertism.in/san-jose-ca/hyderabad-budget-properties/,542,no,5,yes,REVIEW,no_structured_data
/dallas-tx/hyderabad-budget-properties/,"Budget Properties in Hyderabad for Dallas, TX Residents | Propertism","Invest in Budget-Friendly Real Estate in Hyderabad from Dallas, TX","Affordable homes and budget apartments in Hyderabad from Dallas, TX under 60 lakhs. Verified listings, home loan coordination, and remote purchase assistance.",https://www.propertism.in/dallas-tx/hyderabad-budget-properties/,542,no,5,yes,REVIEW,no_structured_data
/london-uk/hyderabad-budget-properties/,Budget Properties in Hyderabad for London Residents | Propertism,End-to-End Affordable Housing Services in Hyderabad from London,"Affordable homes and budget apartments in Hyderabad from London under 60 lakhs. Verified listings, home loan coordination, and remote purchase assistance.",https://www.propertism.in/london-uk/hyderabad-budget-properties/,542,no,5,yes,REVIEW,no_structured_data
/toronto-canada/hyderabad-budget-properties/,Budget Properties in Hyderabad for Toronto Residents | Propertism,Trusted Hyderabad Budget Apartments for Sale for Buyers in Toronto,"Affordable homes and budget apartments in Hyderabad from Toronto under 60 lakhs. Verified listings, home loan coordination, and remote purchase assistance.",https://www.propertism.in/toronto-canada/hyderabad-budget-properties/,542,no,5,yes,REVIEW,no_structured_data
/dubai-uae/hyderabad-budget-properties/,Budget Properties in Hyderabad for Dubai Residents | Propertism,Affordable Homes & Budget Properties in Hyderabad for NRIs in Dubai,"Affordable homes and budget apartments in Hyderabad from Dubai under 60 lakhs. Verified listings, home loan coordination, and remote purchase assistance.",https://www.propertism.in/dubai-uae/hyderabad-budget-properties/,542,no,5,yes,REVIEW,no_structured_data
/singapore/hyderabad-budget-properties/,Budget Properties in Hyderabad for Singapore Residents | Propertism,Invest in Budget-Friendly Real Estate in Hyderabad from Singapore,"Affordable homes and budget apartments in Hyderabad from Singapore under 60 lakhs. Verified listings, home loan coordination, and remote purchase assistance.",https://www.propertism.in/singapore/hyderabad-budget-properties/,542,no,5,yes,REVIEW,no_structured_data
/sydney-australia/hyderabad-budget-properties/,Budget Properties in Hyderabad for Sydney Residents | Propertism,Invest in Budget-Friendly Real Estate in Hyderabad from Sydney,"Affordable homes and budget apartments in Hyderabad from Sydney under 60 lakhs. Verified listings, home loan coordination, and remote purchase assistance.",https://www.propertism.in/sydney-australia/hyderabad-budget-properties/,542,no,5,yes,REVIEW,no_structured_data
/doha-qatar/hyderabad-budget-properties/,Budget Properties in Hyderabad for Doha Residents | Propertism,Affordable Homes & Budget Properties in Hyderabad for NRIs in Doha,"Affordable homes and budget apartments in Hyderabad from Doha under 60 lakhs. Verified listings, home loan coordination, and remote purchase assistance.",https://www.propertism.in/doha-qatar/hyderabad-budget-properties/,542,no,5,yes,REVIEW,no_structured_data
/abu-dhabi/hyderabad-budget-properties/,Budget Properties in Hyderabad for Abu Dhabi Residents | Propertism,Browse Budget-Friendly Properties in Hyderabad from Abu Dhabi,"Affordable homes and budget apartments in Hyderabad from Abu Dhabi under 60 lakhs. Verified listings, home loan coordination, and remote purchase assistance.",https://www.propertism.in/abu-dhabi/hyderabad-budget-properties/,542,no,5,yes,REVIEW,no_structured_data
/kuwait/hyderabad-budget-properties/,Budget Properties in Hyderabad for Kuwait City Residents | Propertism,Affordable Homes & Budget Properties in Hyderabad for NRIs in Kuwait City,"Affordable homes and budget apartments in Hyderabad from Kuwait City under 60 lakhs. Verified listings, home loan coordination, and remote purchase assistance.",https://www.propertism.in/kuwait/hyderabad-budget-properties/,542,no,5,yes,REVIEW,no_structured_data
/saudi/hyderabad-budget-properties/,Budget Properties in Hyderabad for Riyadh Residents | Propertism,Browse Budget-Friendly Properties in Hyderabad from Riyadh,"Affordable homes and budget apartments in Hyderabad from Riyadh under 60 lakhs. Verified listings, home loan coordination, and remote purchase assistance.",https://www.propertism.in/saudi/hyderabad-budget-properties/,542,no,5,yes,REVIEW,no_structured_data
/malaysia/hyderabad-budget-properties/,Budget Properties in Hyderabad for Kuala Lumpur Residents | Propertism,Invest in Budget-Friendly Real Estate in Hyderabad from Kuala Lumpur,"Affordable homes and budget apartments in Hyderabad from Kuala Lumpur under 60 lakhs. Verified listings, home loan coordination, and remote purchase assistance.",https://www.propertism.in/malaysia/hyderabad-budget-properties/,542,no,5,yes,REVIEW,no_structured_data
